hex	_owner	_iso_region	pop_14	pop_15_64	pop_65
#69765B	ARG	AR-E			
#FC18E2	URY	UY-PA			
#0FD3DC	IDN	ID-KI			
#5336C2	MYS	MY-12			
#4A2CC9	CHL	CL-AP			
#AB5C7B	BOL	BO-L			
#A95DFD	BOL	BO-O			
#4FECE5	CHL	CL-TA			
#C66E42	BOL	BO-P			
#95E0F1	CHL	CL-AN			
#386C70	PER	PE-TAC			
#D63328	ARG	AR-A			
#533161	ARG	AR-Y			
#F00F38	ESB	-99-X16~			
#3BD47F	CYP	CY-03			
#D4D88C	IND	IN-LA			
#1A83AE	CHN	CN-XJ			
#8A7C25	CHN	CN-XZ			
#A48D31	ISR	IL-D			
#F5AE97	PSX	PS-GZZ			
#B837D2	ISR	IL-Z			
#7BA9D9	PSX	PS-WBK			
#77BACF	ISR	IL-HA			
#237B97	ISR	IL-M			
#B638D9	LBN	LB-NA			
#A41589	LBN	LB-JA			
#758352	ETH	ET-SN			
#D0BE0C	SDS	SS-EE			
#770FA4	ETH	ET-SO			
#453A4F	SOM	SO-NU			
#73D595	SOM	SO-MU			
#5DB477	SOM	SO-GA			
#5128E2	SOM	SO-HI			
#1EF9EB	SOM	SO-BK			
#2C59B1	SOM	SO-GE			
#653FCB	KEN	KE-700			
#5FAE96	MWI	MW-CT			
#67677B	TZA	TZ-14			
#3FDF81	TZA	TZ-29			
#ACE793	TZA	TZ-21			
#886CF7	MWI	MW-RU			
#ECE84A	MWI	MW-NB			
#C62F44	IND	IN-AR			
#FABD0D	SYR	SY-X01~			
#42B43B	SOL	-99-X11~			
#8E6B11	SOM	SO-BR			
#1973EF	FRA	FR-GF			
#B85250	SUR	SR-SI			
#50DACA	GUY	GY-MA			
#E2DD18	KOR	KR-42			
#3E611B	PRK	KP-07			
#80B143	KOR	KR-41			
#492797	PRK	KP-06			
#C8775F	MAR	MA-14			
#EAFEB6	SAH	EH-X01~			
#823748	MAR	MA-15			
#939B83	MAR	MA-16			
#1B40B6	CRI	CR-A			
#D75285	NIC	NI-SJ			
#85D6F4	COG	CG-7			
#7CA896	COD	CD-EQ			
#77ABC4	COG	CG-8			
#95CE83	COG	CG-14			
#F1C087	COD	CD-BN			
#7263E2	COG	CG-12			
#18A560	COG	CG-BZV			
#2A35DC	COD	CD-KN			
#5657D1	COD	CD-BC			
#C5A924	COG	CG-11			
#CCB30E	COG	CG-9			
#957F66	BTN	BT-TY			
#8DE09F	BTN	BT-44			
#9552A8	BTN	BT-33			
#0FBC14	UKR	UA-74			
#1FAEB2	BLR	BY-HO			
#C40B62	UKR	UA-07			
#15A4F5	BLR	BY-BR			
#B6D790	UKR	UA-56			
#C84BC0	UKR	UA-18			
#91D588	UKR	UA-32			
#FC6AC6	NAM	NA-KA			
#2E0D30	ZAF	ZA-NC			
#C7DC71	LBN	LB-BI			
#79317F	LBN	LB-AS			
#297C8D	SYR	SY-HI			
#EEC980	SYR	SY-TA			
#7FE06A	SYR	SY-RD			
#A74B92	MAF	MF-X00~			
#DBCEB3	SXM	NL-SX			
#FE1BA4	ARE	AE-FU			
#C29FD6	OMN	OM-MU			
#D38DFF	ARE	AE-SH			
#9418E9	ARE	AE-RK			
#1BA55D	MWI	MW-LK			
#F81D29	UZB	UZ-FA			
#85C9C9	KAZ	KZ-VOS			
#A69224	KAZ	KZ-ALA			
#CE7273	TJK	TJ-SU			
#46DFD7	BLR	BY-VI			
#C5B51D	LTU	LT-UT			
#5D982D	LTU	LT-VL			
#C48EDB	BLR	BY-HR			
#DA0B45	LTU	LT-AL			
#4F5113	BRA	BR-RS			
#CE4D37	URY	UY-AR			
#493616	MNG	MN-061			
#73EC46	CHN	CN-NM			
#73CD72	MNG	MN-071			
#193D18	MNG	MN-043			
#7F9A72	MNG	MN-051			
#6E3782	MNG	MN-063			
#FAF23F	MNG	MN-065			
#6B4E31	CHN	CN-GS			
#9AF3A0	MNG	MN-069			
#639D0E	MNG	MN-053			
#14E961	RUS	RU-AL			
#D7AB5A	CZE	CZ-US			
#BE34B8	DEU	DE-SN			
#AD1CB5	CZE	CZ-LI			
#6A6530	CZE	CZ-KA			
#BAD03D	DEU	DE-BY			
#E7FADB	CZE	CZ-PL			
#6CDE5F	CZE	CZ-JC			
#37A9E7	EST	EE-84			
#61DDAD	LVA	LV-084			
#55FF38	LVA	LV-060			
#8F9E77	EST	EE-67			
#0CCF8A	LVA	LV-005			
#9683C5	EST	EE-82			
#76165A	LVA	LV-064			
#B4787E	LVA	LV-085			
#9E207F	EST	EE-86			
#C05695	LVA	LV-009			
#3059A4	LVA	LV-101			
#DDA5EA	LVA	LV-007			
#75CCA2	RUS	RU-PSK			
#6473E6	LVA	LV-108			
#2B4DFB	LVA	LV-014			
#E37EC2	LVA	LV-044			
#679077	LVA	LV-023			
#DE3DBF	LVA	LV-058			
#C0581A	LVA	LV-110			
#A81F34	LTU	LT-PN			
#2C8B34	LVA	LV-065			
#BD2A9C	LVA	LV-107			
#C2EED7	LVA	LV-105			
#252621	LTU	LT-TE			
#35E59B	LVA	LV-088			
#63AB25	LTU	LT-KL			
#26B080	LVA	LV-081			
#A8E37C	LVA	LV-074			
#5DABE4	LVA	LV-100			
#7C38AA	LTU	LT-SA			
#EBD513	LVA	LV-010			
#1CC253	LVA	LV-016			
#77DF36	LVA	LV-098			
#8479B0	LVA	LV-JEL			
#8BF9A5	LVA	LV-083			
#4B8917	LVA	LV-004			
#AE8CA2	LVA	LV-036			
#6E2694	LVA	LV-DGV			
#6AC9C0	NOR	NO-19			
#5E0A4E	SWE	SE-BD			
#5E1D8C	NOR	NO-18			
#4F8BE5	SWE	SE-AC			
#FFE75E	SWE	SE-Z			
#5A9F7D	NOR	NO-17			
#70C3E3	NOR	NO-16			
#247C12	NOR	NO-04			
#C4B0BC	SWE	SE-W			
#74DBDA	SWE	SE-S			
#39D0E2	NOR	NO-02			
#D46DC0	NOR	NO-01			
#C36C50	SWE	SE-O			
#4DB444	FIN	FI-10			
#CD7F2F	NOR	NO-20			
#B98126	VNM	VN-28			
#1C4957	KHM	KH-16			
#122276	VNM	VN-72			
#DC4120	KHM	KH-11			
#D23333	VNM	VN-33			
#5227AF	VNM	VN-30			
#4DB045	VNM	VN-58			
#90D277	KHM	KH-10			
#96D53C	VNM	VN-37			
#2E4139	KHM	KH-3			
#92C78F	KHM	KH-20			
#FC12D7	KHM	KH-14			
#EE609C	VNM	VN-41			
#EB59C1	VNM	VN-45			
#EC32D4	VNM	VN-44			
#83F095	KHM	KH-8			
#8098C1	KHM	KH-21			
#8DEAC1	VNM	VN-47			
#5ADFD1	KHM	KH-7			
#6816C2	DEU	DE-RP			
#F9AAA5	LUX	LU-D			
#A20FED	LUX	LU-G			
#6A0DC5	DEU	DE-SL			
#472D21	FRA	FR-59			
#E234CB	BEL	BE-VWV			
#F52822	BEL	BE-WHT			
#3FA40E	FRA	FR-08			
#9ABADC	BEL	BE-WNA			
#48ADB3	FRA	FR-02			
#EE1257	BEL	BE-WLX			
#2F1E72	FRA	FR-55			
#721A63	FRA	FR-54			
#A772B9	BEL	BE-WLG			
#87DD2E	LUX	LU-L			
#D35FFD	RUS	RU-KDA			
#A357C5	GEO	GE-AB			
#21629B	RUS	RU-KC			
#A5E8AD	RUS	RU-KB			
#9A5938	GEO	GE-SZ			
#BE436A	RUS	RU-SE			
#472763	GEO	GE-SK			
#814693	GEO	GE-RL			
#8BD08E	RUS	RU-IN			
#E085FB	GEO	GE-MM			
#201227	RUS	RU-CE			
#66C837	GEO	GE-KA			
#529A9C	RUS	RU-DA			
#D9637D	MKD	MK-72			
#B2D854	ALB	AL-09			
#EDC38B	MKD	MK-78			
#536FAA	MKD	MK-21			
#D72A20	MKD	MK-50			
#40224D	MKD	MK-19			
#0D8981	ALB	AL-07			
#5FD5DB	ALB	AL-06			
#FE97F3	ALB	AL-03			
#2712A4	MKD	MK-12			
#E26E2B	MKD	MK-58			
#252D30	MKD	MK-22			
#DB2B48	MKD	MK-66			
#0D9FA5	AZE	AZ-QAZ			
#5E722C	KOS	XK-X02~			
#480A38	KOS	XK-X01~			
#5149C7	KOS	XK-X03~			
#D4BAFD	KOS	XK-X21~			
#53C5C9	TUR	TR-75			
#A898F5	GEO	GE-SJ			
#B0F159	TUR	TR-08			
#5256F9	GEO	GE-AJ			
#BC6F0F	FRA	FR-57			
#214C40	ESP	ES-CE			
#D4E32F	MAR	MA-01			
#8C9DAF	LAO	LA-PH			
#EE1A9A	CHN	CN-YN			
#8C3F2B	LAO	LA-OU			
#B2EAC6	LAO	LA-LM			
#AC8C1F	KGZ	KG-Y			
#294025	KGZ	KG-N			
#99C28A	KGZ	KG-O			
#4E1D7D	ARM	AM-TV			
#75DD8B	GEO	GE-KK			
#B35A46	ARM	AM-LO			
#FD54DF	ARM	AM-SH			
#D6BC86	KAZ	KZ-ZHA			
#4D8F67	KGZ	KG-C			
#32ADBF	KGZ	KG-T			
#5CEC78	KAZ	KZ-YUZ			
#76DA37	GUY	GY-PM			
#944E76	BRA	BR-RR			
#50B0A9	GUY	GY-PT			
#12D637	GUY	GY-UD			
#223B16	BRA	BR-PA			
#AC7887	DEU	DE-SH			
#DEE141	DNK	DK-83			
#144E6A	PER	PE-MDD			
#E8D2A2	BRA	BR-AC			
#6B141C	LBY	LY-GD			
#B8370D	TUN	TN-83			
#FC5574	TUN	TN-82			
#63FEAA	LBY	LY-NQ			
#82E73D	AZE	AZ-AGA			
#CD1794	AZE	AZ-TOV			
#C5DB77	AZE	AZ-GAD			
#C45916	ARM	AM-GR			
#78F5D4	AZE	AZ-DAS			
#A23960	AZE	AZ-KAL			
#421FF9	ARM	AM-VD			
#1C9088	ARM	AM-SU			
#253988	AZE	AZ-LAN			
#DF273C	AZE	AZ-QBI			
#A3EAAE	AZE	AZ-ZAN			
#58B5C9	AZE	AZ-SAR			
#DBAC19	ARM	AM-AR			
#24F8B2	AZE	AZ-SAD			
#85C885	AZE	AZ-KAN			
#D374E2	AZE	AZ-BAB			
#BE1279	AZE	AZ-SAH			
#374433	AZE	AZ-CUL			
#518D60	AZE	AZ-ORD			
#FCB7A3	ROU	RO-SM			
#7E7929	HUN	HU-SZ			
#C096B6	ROU	RO-AR			
#D56FA1	HUN	HU-BE			
#3F89BE	ROU	RO-BH			
#159BE6	HUN	HU-HB			
#BC0B8E	HUN	HU-CS			
#D4C693	ROU	RO-TM			
#CB5ECF	KGZ	KG-J			
#71B7BC	UZB	UZ-TO			
#F39940	UZB	UZ-NG			
#7EE948	UZB	UZ-AN			
#75BA8D	KGZ	KG-B			
#3B2A87	SVK	SK-ZI			
#540F7A	POL	PL-SL			
#D07AF5	POL	PL-MA			
#271CB4	SVK	SK-PV			
#82F81A	POL	PL-PK			
#18183A	IRL	IE-DL			
#5DBD8A	GBR	GB-DRY			
#82CF3D	GBR	GB-STB			
#0AF759	GBR	GB-FER			
#EC98D2	IRL	IE-LM			
#B5DEC7	IRL	IE-CN			
#617A8A	IRL	IE-MN			
#92F7D1	GBR	GB-DGN			
#E2C2E9	GBR	GB-ARM			
#EC1BF1	GBR	GB-NYM			
#9DAB87	IRL	IE-LH			
#1731D0	POL	PL-DS			
#FBAD43	CZE	CZ-KR			
#429881	POL	PL-OP			
#6C4828	CZE	CZ-OL			
#91E7E8	CZE	CZ-PA			
#30E03D	CZE	CZ-MO			
#1A172F	TJK	TJ-X01~			
#3088FE	TJK	TJ-GB			
#A96BBD	GRC	GR-C			
#7D460C	GRC	GR-D			
#7A14DE	ALB	AL-05			
#3AED10	ALB	AL-12			
#69E3BE	MWI	MW-CT			
#FAB4DF	ZMB	ZM-10			
#332A7F	MWI	MW-MZ			
#CC73D7	ZMB	ZM-03			
#F7984D	MWI	MW-KS			
#85ED52	MWI	MW-MC			
#147335	UKR	UA-21			
#8A8EE0	SVK	SK-KI			
#D77A19	SLE	SL-N			
#0CAE59	GIN	GN-FA			
#19C4A4	GIN	GN-KD			
#A417D4	GIN	GN-MM			
#83999F	GIN	GN-DB			
#51A1EA	GIN	GN-FO			
#6E9A1D	GIN	GN-GU			
#54B7E2	SLE	SL-E			
#DFFFD6	LBR	LR-CM			
#7A270F	SLE	SL-S			
#75976D	LBR	LR-X1~			
#780EE7	LBR	LR-LO			
#5618DC	CAF	CF-VK			
#A08F2D	SDN	SD-DE			
#282E24	SDN	SD-DS			
#698466	CAF	CF-HK			
#9A2EEA	SDS	SS-BW			
#AC9DC1	CAF	CF-HM			
#6ACA83	SDS	SS-EW			
#DC6E9E	COD	CD-OR			
#17C016	SDS	SS-EC			
#328572	DJI	DJ-AS			
#EF263A	DJI	DJ-AR			
#B063B4	DJI	DJ-DI			
#E62C61	ETH	ET-AF			
#1121C6	DJI	DJ-TA			
#E3FB6D	COD	CD-SK			
#36854C	TZA	TZ-08			
#2F4A19	COD	CD-KA			
#694CE2	TZA	TZ-28			
#4B58A2	TZA	TZ-20			
#B183DA	DJI	DJ-OB			
#AC6AD2	ERI	ER-DK			
#69905C	AUT	AT-3			
#9F5945	CZE	CZ-JM			
#683A2B	AUT	AT-4			
#C43F5C	IRQ	IQ-DA			
#691DD8	TUR	TR-73			
#B5C8A2	TUR	TR-30			
#0A8437	IRQ	IQ-AR			
#E41988	HUN	HU-GS			
#DE86BB	AUT	AT-1			
#E011D3	HUN	HU-SN			
#D4E9DC	HUN	HU-VA			
#7FE55E	ITA	IT-AO			
#AC305D	CHE	CH-VS			
#49DA4C	ITA	IT-VB			
#C03425	CHE	CH-TI			
#8E82A2	ITA	IT-VA			
#A61374	ITA	IT-CO			
#C91858	CHE	CH-GR			
#C9745E	ITA	IT-SO			
#1CA36D	ITA	IT-BZ			
#502374	AUT	AT-8			
#E6BBF2	AUT	AT-7			
#2F39F5	IRN	IR-02			
#D736B2	TUR	TR-76			
#D13247	TUR	TR-04			
#397015	TUR	TR-65			
#9FA2F8	LTU	LT-MR			
#55AB6F	POL	PL-PD			
#A82260	POL	PL-WN			
#B23661	ZMB	ZM-05			
#8621FA	NLD	NL-GR			
#DB0A1B	DEU	DE-NI			
#53CC95	NLD	NL-DR			
#52C15D	NLD	NL-OV			
#CF8CF1	DEU	DE-NW			
#4A6250	NLD	NL-GE			
#F19C1F	NLD	NL-LI			
#750B5B	CIV	CI-10			
#CC1486	GIN	GN-K			
#5279F8	GIN	GN-MD			
#D1B145	GIN	GN-BE			
#7BB839	CIV	CI-17			
#DBBBE8	CIV	CI-06			
#21F795	GIN	GN-LO			
#0E1D8F	ITA	IT-IM			
#F09E89	FRA	FR-06			
#EB1AE0	ITA	IT-CN			
#685D35	FRA	FR-04			
#55BFD6	FRA	FR-05			
#F3F232	ITA	IT-TO			
#17CA34	FRA	FR-73			
#D3BD6F	FRA	FR-74			
#BD34FF	RUS	RU-MUR			
#83AB22	RUS	RU-KR			
#430D0F	FIN	FI-14			
#48EADF	FIN	FI-05			
#2795BE	FIN	FI-13			
#251FDA	FIN	FI-02			
#BAF6CB	RUS	RU-LEN			
#47C2CD	FIN	FI-09			
#86F93A	OMN	OM-BA			
#F980AD	ARE	AE-DU			
#8526A0	ARE	AE-X01~			
#1819F5	OMN	OM-BU			
#0D888D	ARE	AE-X02~			
#BECDD6	ARE	AE-AZ			
#825466	OMN	OM-ZA			
#E3A254	AZE	AZ-BAL			
#185850	AZE	AZ-ZAQ			
#17C2B7	AZE	AZ-XAC			
#1AF927	AZE	AZ-QUS			
#0ACE3E	AZE	AZ-OGU			
#276D63	AZE	AZ-SA			
#EA35EC	AZE	AZ-QAX			
#6E70A9	AZE	AZ-QAB			
#B1325C	BRA	BR-AP			
#4F5E98	AZE	AZ-SMX			
#F614E6	SRB	RS-01			
#996B24	HUN	HU-BK			
#2B1FEF	SRB	RS-05			
#8963FF	SRB	RS-03			
#875E29	HUN	HU-SD			
#86B252	MLI	ML-1			
#C15BD3	SEN	SN-KE			
#E19A4B	SEN	SN-TC			
#CCD0C4	GIN	GN-KN			
#69FA3A	SEN	SN-KD			
#9E3858	GIN	GN-ML			
#7766FE	NGA	NG-KE			
#3D746E	BEN	BJ-AL			
#C3820A	NGA	NG-NI			
#4D3468	BEN	BJ-BO			
#20FCA9	NGA	NG-KW			
#BDF1FF	NGA	NG-OG			
#4EB78D	BEN	BJ-PL			
#A8D9A3	BEN	BJ-CO			
#1536EE	NGA	NG-OY			
#BBD2A4	NGA	NG-LA			
#1C8BF4	BEN	BJ-OU			
#3BF8C2	AGO	AO-CAB			
#AD83B3	COG	CG-5			
#A26CA6	HUN	HU-ZA			
#923790	HRV	HR-20			
#E96B1E	HUN	HU-SO			
#EEB945	HRV	HR-10			
#ECC41F	HRV	HR-06			
#1F7E8F	HUN	HU-BA			
#B0B8CA	HRV	HR-14			
#7DB714	SVN	SI-090			
#DCFB57	HRV	HR-18			
#A13F61	SVN	SI-078			
#A9FFFB	SVN	SI-033			
#F447C0	SVN	SI-161			
#D31C36	SVN	SI-031			
#6CC18B	SVN	SI-056			
#F57032	SVN	SI-059			
#707CFF	SVN	SI-156			
#6FBDD1	SVN	SI-047			
#3764D3	QAT	QA-RA			
#A2DA7D	SAU	SA-04			
#BDC143	BWA	BW-NW			
#AD6CD6	ZWE	ZW-MN			
#13FCA1	BWA	BW-CE			
#4A13FA	ZWE	ZW-MS			
#98BE1A	BWA	BW-NE			
#305B8F	PAK	PK-GB			
#DA2CA2	BGR	BG-02			
#3D29C7	TUR	TR-39			
#424B64	BGR	BG-28			
#7C85CC	TUR	TR-22			
#F6A02D	BGR	BG-26			
#FE7C4F	KHM	KH-22			
#DF2C24	THA	TH-32			
#CB1F82	KHM	KH-13			
#2922C3	THA	TH-33			
#1C80C5	THA	TH-34			
#AEC6C6	KHM	KH-17			
#36B8A9	KHM	KH-1			
#5FF88B	THA	TH-27			
#2FD9B6	THA	TH-31			
#DBA88B	KHM	KH-9			
#233194	THA	TH-23			
#734D6E	KHM	KH-15			
#981F5B	KHM	KH-2			
#C773B0	KHM	KH-24			
#39C156	THA	TH-22			
#857C13	ESP	ES-ML			
#BCFCC3	MAR	MA-04			
#19D6DF	IND	IN-SK			
#8A23F9	BTN	BT-13			
#ED11F4	BTN	BT-14			
#E71955	IND	IN-WB			
#C230FD	BTN	BT-12			
#0C6584	BTN	BT-31			
#4BE782	IND	IN-AS			
#7B567D	BTN	BT-34			
#C5892E	BTN	BT-45			
#38BFE9	BTN	BT-41			
#0A8E8E	MYS	MY-09			
#8C6DCF	THA	TH-91			
#11CA76	THA	TH-90			
#D43435	MYS	MY-02			
#BCC567	THA	TH-95			
#33A860	MYS	MY-03			
#983427	THA	TH-96			
#134842	MYS	MY-08			
#C8CCC9	ITA	IT-RN			
#6AC7D0	ITA	IT-PU			
#E451A3	HTI	HT-NE			
#DECE88	DOM	DO-15			
#961643	DOM	DO-05			
#2F8791	HTI	HT-CE			
#859284	DOM	DO-07			
#CD79A6	DOM	DO-10			
#C36177	HTI	HT-OU			
#D5229F	HTI	HT-SE			
#DA1462	DOM	DO-16			
#49C4F4	TCD	TD-LC			
#906D2D	NGA	NG-BO			
#4D4FDB	KWT	KW-JA			
#A81E1F	IRQ	IQ-BA			
#75F55D	IRQ	IQ-MU			
#0A98F7	SLV	SV-AH			
#DE3671	GTM	GT-JU			
#318E40	SLV	SV-SA			
#DDE080	GTM	GT-CQ			
#B18054	IDN	ID-NT			
#C11420	TLS	TL-OE			
#100DA2	TLS	TL-BO			
#1BAFB0	TLS	TL-CO			
#816254	MYS	MY-13			
#7E4DDF	BRN	BN-TE			
#3DDE6B	IDN	ID-KB			
#DA887B	AUT	AT-5			
#2B1B75	ITA	IT-BL			
#1DB959	AUT	AT-2			
#C8DC94	ITA	IT-UD			
#AB842B	MCO	MC-X01~			
#7914CD	MLI	ML-6			
#3D6643	DZA	DZ-01			
#9B34C7	SVN	SI-053			
#10F633	SVN	SI-006			
#D155D9	SVN	SI-046			
#0FECE5	SVN	SI-128			
#291BFD	SVN	SI-044			
#546BAF	SVN	SI-007			
#CD330E	ITA	IT-GO			
#375AB1	SVN	SI-084			
#93CC51	SVN	SI-183			
#24D814	SVN	SI-075			
#4210C9	SVN	SI-049			
#4DC0E8	ITA	IT-TS			
#E4FBEB	SVN	SI-111			
#FC192B	SVN	SI-035			
#158DFA	SVN	SI-050			
#7B0DF0	MOZ	MZ-L			
#31E351	SWZ	SZ-LU			
#2264F0	BDI	BI-MY			
#91F64E	RWA	RW-02			
#76187A	BDI	BI-KI			
#C09555	RWA	RW-05			
#630B6B	BDI	BI-NG			
#853DE7	BDI	BI-CI			
#82A9CF	RWA	RW-04			
#8CA2EF	BDI	BI-KY			
#559F54	MMR	MM-16			
#D2650D	BGD	BD-B			
#16EF97	MMR	MM-14			
#A17AB9	FRA	FR-64			
#8F6451	ESP	ES-NA			
#2CB147	ESP	ES-SS			
#B8EBFF	ESP	ES-HU			
#D94F0C	FRA	FR-31			
#4F6DBB	ESP	ES-L			
#9F7E80	FRA	FR-65			
#168D23	FRA	FR-09			
#1D24AD	FRA	FR-66			
#2DFF44	ESP	ES-GI			
#81D8AA	AFG	AF-BDS			
#3F3615	GRC	GR-B			
#D81525	MKD	MK-56			
#1160D7	MKD	MK-26			
#E448A4	MKD	MK-10			
#630F2B	MKD	MK-73			
#6A4570	MKD	MK-05			
#71D61A	MKD	MK-18			
#1322BB	MKD	MK-36			
#8B2439	MKD	MK-55			
#98AE51	MKD	MK-62			
#E59116	MKD	MK-04			
#4FA7FD	KOS	XK-X05~			
#2C430C	MKD	MK-48			
#D6FA99	KOS	XK-X27~			
#84C28F	MKD	MK-82			
#596C0C	KOS	XK-X07~			
#66AC5D	MKD	MK-29			
#C29558	MKD	MK-68			
#17917E	MKD	MK-35			
#F37158	KOS	XK-X24~			
#410EB1	MKD	MK-75			
#C387B6	MKD	MK-76			
#EBDFA0	MKD	MK-06			
#425A4A	MKD	MK-16			
#A5CE62	SRB	RS-24			
#ADC97A	MKD	MK-44			
#5A6A14	MKD	MK-65			
#CC4646	MKD	MK-71			
#79BC0C	MKD	MK-47			
#34920B	BGR	BG-05			
#A6C9CA	SRB	RS-14			
#55D197	SRB	RS-15			
#0B4EDB	SRB	RS-22			
#79971E	BGR	BG-14			
#424F19	BGR	BG-23			
#6D2153	BGR	BG-12			
#EB5569	SRB	RS-23			
#0FA07E	BGR	BG-10			
#BA8855	MKD	MK-23			
#497BAD	MKD	MK-51			
#729DC4	BGR	BG-01			
#93EF7E	MKD	MK-03			
#E43FA7	MKD	MK-60			
#75865A	HRV	HR-19			
#DC73A3	MNE	ME-08			
#8E36EF	BIH	BA-BIH			
#D18013	BIH	BA-X07~			
#214F28	UGA	UG-411			
#8E6A52	UGA	UG-417			
#F0CE16	RWA	RW-03			
#E73449	UGA	UG-404			
#49444D	UGA	UG-408			
#43B226	USG	-99-X13~			
#9F772C	CUB	CU-14			
#A18341	IND	IN-UT			
#ABCB9C	KOS	XK-X12~			
#B01B7C	SRB	RS-18			
#306450	SRB	RS-19			
#682FCE	SRB	RS-21			
#DCE5A5	KOS	XK-X19~			
#B6CA10	KOS	XK-X29~			
#D4C4F1	KOS	XK-X30~			
#DF111B	KOS	XK-X06~			
#F4B77E	KOS	XK-X20~			
#D869A9	KOS	XK-X10~			
#8829DD	MNE	ME-17			
#5DC82A	KOS	XK-X18~			
#CDF330	MNE	ME-03			
#E0A498	MNE	ME-13			
#7B3B42	MNE	ME-14			
#7B9FDD	SRB	RS-16			
#F7F059	MNE	ME-04			
#E04DD3	HND	HN-OC			
#8B9D9E	SLV	SV-CH			
#EDA8C2	HND	HN-LE			
#2E70AE	SLV	SV-CA			
#233FB9	HND	HN-IN			
#FF19D5	SLV	SV-MO			
#798743	HND	HN-LP			
#D16B99	SLV	SV-SM			
#EA87B1	SLV	SV-UN			
#C9CF36	HND	HN-VA			
#EAEE0D	NIC	NI-AN			
#E98C8F	HND	HN-OL			
#16150A	HND	HN-GD			
#8B5819	NIC	NI-JI			
#DCEFE3	HND	HN-EP			
#F4A9BB	NIC	NI-NS			
#787E99	NIC	NI-CI			
#C997FE	HND	HN-CH			
#1960D7	NIC	NI-MD			
#F52D43	ECU	EC-E			
#F729D7	COL	CO-NAR			
#5CE1D2	ECU	EC-C			
#1E2A3B	ECU	EC-U			
#7ED390	COL	CO-PUT			
#53D947	SUR	SR-NI			
#46E968	SUR	SR-MA			
#FBBC7A	BOL	BO-T			
#82A3D2	PRY	PY-19			
#6FCC2C	ARG	AR-P			
#27BA0A	PRY	PY-15			
#F12193	PRY	PY-11			
#CAC52F	PRY	PY-ASU			
#775342	PRY	PY-10			
#B6EAAC	ARG	AR-N			
#4FC1BC	PRY	PY-7			
#7E1E57	PRY	PY-12			
#C731B2	ARG	AR-H			
#733DBB	ARG	AR-W			
#10E55B	PRY	PY-8			
#5B81ED	BOL	BO-S			
#62AEFC	BRA	BR-MS			
#22445A	PRY	PY-16			
#76BEF8	PRY	PY-1			
#F44C47	PRY	PY-13			
#7E85F6	PRY	PY-14			
#0F4F64	BRA	BR-PR			
#6746B4	BRA	BR-SC			
#25B11C	NLD	NL-ZE			
#24BBD9	BEL	BE-VOV			
#83DE46	NLD	NL-NB			
#AE1989	BEL	BE-VAN			
#B2FEB4	BEL	BE-VLI			
#4BB4E2	DEU	DE-BW			
#EE423A	CHE	CH-SH			
#4DE8C5	CHE	CH-TG			
#822D40	CHE	CH-ZH			
#F3574D	CHE	CH-AG			
#DB564A	CHE	CH-BS			
#F23C4B	CHE	CH-BL			
#153BA0	FRA	FR-67			
#6239C5	FRA	FR-68			
#F79A27	CHE	CH-SG			
#EE1149	CHE	CH-SO			
#5CACF6	CHE	CH-JU			
#E16FB1	FRA	FR-90			
#50A292	FRA	FR-25			
#C06066	CHE	CH-GE			
#644BD2	FRA	FR-01			
#7D0D14	CHE	CH-VD			
#4D1F8C	FRA	FR-39			
#C189CB	CHE	CH-NE			
#FCBD56	ESP	ES-BA			
#CD326F	PRT	PT-07			
#59D8D8	PRT	PT-12			
#7D7756	SVN	SI-105			
#22F36D	AUT	AT-6			
#E27954	SVN	SI-152			
#98E3DB	SVN	SI-029			
#4E0ED0	SVN	SI-195			
#874766	SVN	SI-118			
#96EBEB	SVN	SI-055			
#6B8E2B	SVN	SI-070			
#A30ABB	SVN	SI-178			
#66CFEC	SVN	SI-101			
#E4EC4A	SVN	SI-081			
#E1A0D5	SVN	SI-025			
#8E34C3	SVN	SI-093			
#9F4A76	SVN	SI-103			
#0EAE39	SVN	SI-175			
#195518	SVN	SI-074			
#83A2C9	SVN	SI-016			
#A1BCD4	SVN	SI-131			
#30A62F	SVN	SI-192			
#445C5E	SVN	SI-041			
#BB6CF0	SVN	SI-180			
#819438	SVN	SI-163			
#986F4A	BIH	BA-X06~			
#2AA2DD	MNE	ME-21			
#4B2B3E	MNE	ME-15			
#36566B	MNE	ME-12			
#EE9D3E	MNE	ME-10			
#7F0A4F	HRV	HR-03			
#9C1D88	BIH	BA-X02~			
#5AACD0	HRV	HR-12			
#699034	BIH	BA-BIH			
#F4C937	HRV	HR-04			
#2992D5	HRV	HR-13			
#2493ED	BIH	BA-X01~			
#DC9C88	BIH	BA-SRP			
#F092F9	HRV	HR-16			
#43B1D6	BIH	BA-BRC			
#2DD8A0	BIH	BA-X03~			
#302E69	BIH	BA-BIH			
#A4F140	HRV	HR-17			
#4B26C4	BIH	BA-BIH			
#E01166	SRB	RS-07			
#5E67C5	SRB	RS-08			
#DE4B2F	BIH	BA-X04~			
#E430D5	SRB	RS-06			
#BDD095	SVK	SK-BL			
#9462ED	SVK	SK-TA			
#31F793	SVK	SK-TC			
#0E9AED	CZE	CZ-ZL			
#715BF3	HUN	HU-BZ			
#DB5B33	SVK	SK-BC			
#B75251	HUN	HU-NO			
#18BDC0	HUN	HU-ST			
#F3D8CF	SVK	SK-NI			
#F9F575	HUN	HU-KE			
#B20AD1	HUN	HU-PE			
#5CEF37	POL	PL-LB			
#2212AA	DEU	DE-BB			
#FBCE31	POL	PL-ZP			
#F5156C	DEU	DE-MV			
#7021BC	ROU	RO-MH			
#D6FCED	ROU	RO-DJ			
#15B818	BGR	BG-19			
#75515B	ROU	RO-CL			
#5926F1	BGR	BG-18			
#6B491A	ROU	RO-TR			
#CC7486	ROU	RO-GR			
#BFBE99	ROU	RO-CT			
#E31338	BGR	BG-08			
#129657	BGR	BG-06			
#C67252	ROU	RO-OT			
#3AD97A	BGR	BG-15			
#AECED7	BGR	BG-04			
#60A5D6	SRB	RS-02			
#C68795	SRB	RS-04			
#9DB3B3	ROU	RO-CS			
#85E648	SRB	RS-11			
#91FC41	GRC	GR-A			
#CE60CB	BGR	BG-09			
#6FBDC2	BGR	BG-21			
#18A341	ALB	AL-10			
#FFF72D	MNE	ME-01			
#69EA90	MNE	ME-16			
#E7B953	MNE	ME-02			
#2C2F6F	MNE	ME-20			
#375E9E	ROU	RO-BT			
#3B5BC7	MDA	MD-BR			
#67456A	MDA	MD-ED			
#D0F5DA	MDA	MD-RI			
#881553	MDA	MD-GL			
#CECDB9	MDA	MD-FA			
#ED6D79	ROU	RO-IS			
#B76DAE	MDA	MD-UN			
#4843DD	MDA	MD-NI			
#D15928	MDA	MD-HI			
#EF24AB	ROU	RO-VS			
#E81099	MDA	MD-LE			
#2E0EA8	MDA	MD-CT			
#7E5A74	MDA	MD-CA			
#361BB3	ROU	RO-GL			
#FEE21B	UKR	UA-77			
#7A5C94	ROU	RO-SV			
#94D4D8	ROU	RO-MM			
#6A3E22	UKR	UA-26			
#B80C0D	UKR	UA-51			
#58A9DA	ROU	RO-TL			
#1DE4E2	MDA	MD-OC			
#C23F8D	UKR	UA-05			
#4D39B0	MDA	MD-DO			
#3FEAF9	MDA	MD-SO			
#1EEFA2	MDA	MD-CAM			
#824BC6	MDA	MD-RE			
#F38BF4	MDA	MD-SN			
#7A8179	MDA	MD-GRI			
#5FE277	MDA	MD-BD			
#2BC975	MDA	MD-SV			
#A821F2	MDA	MD-CS			
#28A20E	MDA	MD-CM			
#E995DC	MDA	MD-BS			
#6BCB2A	MDA	MD-TA			
#773B3A	MDA	MD-GA			
#D11B79	POL	PL-LU			
#964827	UKR	UA-46			
#C55A7E	LVA	LV-024			
#196AA7	LVA	LV-047			
#E97C5C	RUS	RU-KGD			
#2FC781	LTU	LT-TA			
#73ACF2	RUS	RU-SMO			
#A43458	BLR	BY-MA			
#6366B9	RUS	RU-BRY			
#E38520	UKR	UA-59			
#7EB8CD	RUS	RU-KRS			
#79BDB8	RUS	RU-BEL			
#4CF5AA	UKR	UA-63			
#4F6893	UKR	UA-09			
#0ECE4C	RUS	RU-VOR			
#3171FD	RUS	RU-ROS			
#15A682	UKR	UA-14			
#405328	IRN	IR-01			
#C3EC42	TUR	TR-36			
#49FE3D	ARM	AM-AG			
#E094C5	ARM	AM-AV			
#BCB1D8	IRN	IR-03			
#639C51	AZE	AZ-IMI			
#7720B6	AZE	AZ-BIL			
#862671	AZE	AZ-CAL			
#C82E75	AZE	AZ-YAR			
#AFD482	AZE	AZ-LER			
#8FD2D0	AZE	AZ-CAB			
#0B850C	AZE	AZ-FUZ			
#491B1E	AZE	AZ-BEY			
#A4EAFF	AZE	AZ-AST			
#8D9793	IRN	IR-19			
#3365F6	RUS	RU-BU			
#3AB210	MNG	MN-041			
#E20EAC	RUS	RU-TY			
#177F63	MNG	MN-067			
#6BCC9A	MNG	MN-046			
#82C610	MNG	MN-049			
#E2854E	RUS	RU-ZAB			
#AD26D6	MNG	MN-057			
#E13FCA	MNG	MN-039			
#A3B62B	CHN	CN-HL			
#E80CD6	RUS	RU-AMU			
#71B451	RUS	RU-YEV			
#7FCC70	RUS	RU-KHA			
#20F248	RUS	RU-PRI			
#C34B1A	CHN	CN-JL			
#9DCFED	PRK	KP-09			
#17A267	PRK	KP-13			
#C86D72	PRK	KP-10			
#F43F58	PRK	KP-04			
#ACFED3	CHN	CN-LN			
#118138	PRK	KP-03			
#9855D3	UZB	UZ-SI			
#E71322	UZB	UZ-JI			
#6228CC	UZB	UZ-SA			
#BD61C2	UZB	UZ-QA			
#9993EA	UZB	UZ-SU			
#0A959F	TJK	TJ-KT			
#57BB7A	AFG	AF-TAK			
#7A505A	AFG	AF-KDZ			
#D5E898	AFG	AF-BAL			
#E93CB1	TKM	TM-L			
#B4898F	AFG	AF-JOW			
#AEBC49	AFG	AF-FYB			
#A3E064	TKM	TM-M			
#F065BD	AFG	AF-BDG			
#42B9C9	AFG	AF-HER			
#C26ABB	TKM	TM-A			
#875BA7	SYR	SY-HA			
#D6F5CF	TUR	TR-47			
#EF9847	SYR	SY-RA			
#9F57A1	TUR	TR-63			
#53DF23	SYR	SY-HL			
#11F2C0	TUR	TR-79			
#6D5065	TUR	TR-27			
#3F9B1D	TUR	TR-31			
#F26519	SYR	SY-ID			
#3BC8AB	SYR	SY-LA			
#923AF8	IRQ	IQ-SU			
#5370DC	IRN	IR-16			
#6640FB	IRN	IR-17			
#8A508D	IRQ	IQ-DI			
#38B6BF	IRN	IR-05			
#82F3B7	IRQ	IQ-WA			
#11A6BD	IRQ	IQ-MA			
#ED6149	IRN	IR-10			
#92DB61	JOR	JO-IR			
#5F8F9A	JOR	JO-MD			
#77EBE0	JOR	JO-KA			
#57D238	JOR	JO-AT			
#EBCC6E	JOR	JO-AQ			
#27BC4C	JOR	JO-BA			
#2DBED7	NPL	NP-KA			
#62FAD5	NPL	NP-MA			
#BA646D	NPL	NP-SE			
#8B46F5	NPL	NP-DH			
#3CE414	NPL	NP-GA			
#8826BF	NPL	NP-BA			
#A2DAD5	NPL	NP-JA			
#D69E14	NPL	NP-SA			
#32718A	NPL	NP-KO			
#453077	NPL	NP-ME			
#F4B04A	MMR	MM-11			
#DFB9AB	MMR	MM-01			
#E5E50F	IND	IN-NL			
#7589BF	IND	IN-MN			
#1E15E0	IND	IN-MZ			
#721D1C	THA	TH-57			
#6AC4C8	MMR	MM-17			
#561192	THA	TH-50			
#F66F45	THA	TH-58			
#B9A2ED	MMR	MM-12			
#137A4F	MMR	MM-13			
#71EA7E	THA	TH-63			
#261012	THA	TH-71			
#F9CDEA	MMR	MM-15			
#1372B7	MMR	MM-05			
#E24418	THA	TH-77			
#B48F2E	THA	TH-76			
#249CBF	THA	TH-70			
#4210EA	THA	TH-86			
#90BEC8	THA	TH-85			
#99C7EA	LAO	LA-BK			
#1F7E3B	LAO	LA-XA			
#BC3D19	THA	TH-56			
#72C584	THA	TH-55			
#FFD0AC	THA	TH-53			
#3AAD7B	THA	TH-65			
#23EAE9	THA	TH-42			
#A6749C	THA	TH-38			
#B8FCD9	LAO	LA-BL			
#538671	THA	TH-43			
#2BD9D0	THA	TH-48			
#82B57A	LAO	LA-KH			
#51AE3C	LAO	LA-SV			
#9CAD50	THA	TH-49			
#53CBD0	THA	TH-37			
#A09C62	LAO	LA-SL			
#E388B0	LAO	LA-VI			
#7BD0F8	LAO	LA-VI			
#7C669C	LAO	LA-CH			
#944B5A	VNM	VN-71			
#84110E	LAO	LA-LP			
#5C4025	LAO	LA-HO			
#A77ADB	VNM	VN-05			
#CB71AB	VNM	VN-21			
#1739E7	VNM	VN-22			
#EDFBB5	LAO	LA-XI			
#C9B937	VNM	VN-23			
#D73F1F	VNM	VN-24			
#6CADE0	VNM	VN-25			
#9EAC7B	VNM	VN-26			
#C0B6EF	LAO	LA-XE			
#54F052	VNM	VN-27			
#D65E59	LAO	LA-AT			
#B797C7	ZAF	ZA-NL			
#BA9D3E	LSO	LS-J			
#796337	ZAF	ZA-FS			
#761BDB	LSO	LS-B			
#9D7D69	LSO	LS-C			
#F40ABE	ZAF	ZA-EC			
#55C6EF	LSO	LS-H			
#25C6F3	LSO	LS-K			
#ABED4D	LSO	LS-D			
#FE2F1A	LSO	LS-A			
#764AF7	LSO	LS-E			
#5B93D5	LSO	LS-F			
#785444	LSO	LS-G			
#9EFB26	ZAF	ZA-LP			
#B18DFE	BWA	BW-KL			
#A757AC	ZAF	ZA-NW			
#907987	BWA	BW-SE			
#7838D0	BWA	BW-SO			
#3E71A3	BWA	BW-KG			
#8610D4	ZWE	ZW-MV			
#160BBE	ZMB	ZM-09			
#80C9EC	ZWE	ZW-MW			
#C7D1AD	ZWE	ZW-MC			
#96A4E0	ZMB	ZM-07			
#5FBD84	CAF	CF-KG			
#619156	CAF	CF-UK			
#2E5CFE	CAF	CF-BK			
#4A1EA0	CAF	CF-MB			
#DF6582	CAF	CF-MP			
#9A42C1	CAF	CF-BGF			
#7B53B8	CAF	CF-LB			
#3F2BB5	TZA	TZ-05			
#98BD98	BDI	BI-CA			
#49C554	BDI	BI-RY			
#667D10	BDI	BI-RT			
#C5654B	BDI	BI-MA			
#53C57D	BDI	BI-BB			
#1BBD2C	BDI	BI-BL			
#1B9513	BDI	BI-BM			
#FB6A51	BDI	BI-BR			
#FE9DCE	COD	CD-NK			
#B99927	ETH	ET-AM			
#66ABDB	SDN	SD-GD			
#63B7BC	ETH	ET-TI			
#45FD10	ETH	ET-BE			
#D37C10	SDN	SD-NB			
#D0911D	SDN	SD-SI			
#D38C49	ETH	ET-GA			
#79B271	SDS	SS-NU			
#2C8A88	ETH	ET-OR			
#EB705E	SDS	SS-JG			
#FE7E0F	TCD	TD-SI			
#E187A7	TCD	TD-SA			
#2D9478	CAF	CF-BB			
#4A5F78	TCD	TD-MC			
#674958	CAF	CF-AC			
#9AE8B3	TCD	TD-MA			
#7C726F	TCD	TD-LR			
#41C89E	CAF	CF-OP			
#A0F0D6	CMR	CM-SU			
#CD5BB6	GAB	GA-9			
#35B126	COG	CG-13			
#77B592	GAB	GA-6			
#C8AA55	COG	CG-15			
#C86813	GAB	GA-2			
#5B4D5A	GAB	GA-7			
#58209C	GAB	GA-4			
#3391E3	COG	CG-2			
#E7CFD1	GAB	GA-5			
#EAE9F6	TCD	TD-HL			
#C08D41	CMR	CM-EN			
#89B471	TCD	TD-CB			
#C9FC89	TCD	TD-ND			
#4B6428	TCD	TD-ME			
#DCC722	TCD	TD-MO			
#8B8374	CMR	CM-NO			
#68FFC0	NGA	NG-AD			
#BC395E	CMR	CM-AD			
#7F216E	NGA	NG-TA			
#4F8120	CMR	CM-NW			
#8D3BE9	CMR	CM-SW			
#3EAB0E	NGA	NG-BE			
#62BA27	NGA	NG-CR			
#74AAFC	NGA	NG-SO			
#4CC591	NER	NE-5			
#C9B2F0	NER	NE-3			
#8E635E	NER	NE-2			
#4997A2	NER	NE-4			
#DA28E3	NGA	NG-ZA			
#4A368C	NGA	NG-YO			
#8B391F	NER	NE-7			
#BF1539	NGA	NG-KT			
#990CDD	NGA	NG-JI			
#EDF141	NER	NE-6			
#A0EDA7	BFA	BF-TAP			
#0D77BF	BEN	BJ-AK			
#7E5FEA	BFA	BF-KMP			
#25C733	TGO	TG-S			
#D462AC	GHA	GH-UE			
#CB9D4D	GHA	GH-NP			
#8B4222	TGO	TG-K			
#D7BE29	TGO	TG-C			
#8AB3C8	TGO	TG-P			
#20963F	GHA	GH-TV			
#25CF17	TGO	TG-M			
#11E073	CIV	CI-08			
#297C85	GHA	GH-BA			
#7DB4C7	CIV	CI-05			
#2CD9A2	GHA	GH-WP			
#4B7958	CIV	CI-13			
#5A29AF	BFA	BF-LER			
#6376F9	CIV	CI-03			
#83D69F	BFA	BF-COM			
#E99CFC	BFA	BF-PON			
#238DE5	BFA	BF-NOU			
#B4DB3C	BFA	BF-OUD			
#348BE4	MLI	ML-7			
#4A1513	BFA	BF-SOM			
#559D5C	MLI	ML-5			
#DFDC4C	BFA	BF-LOR			
#97F388	BFA	BF-YAT			
#E3FE62	BFA	BF-SOR			
#B86B0F	BFA	BF-KOS			
#EF2F27	MLI	ML-4			
#67E6B4	BFA	BF-BAN			
#DE9BA2	MLI	ML-3			
#6B5AAC	BFA	BF-HOU			
#9EBF0E	BFA	BF-KEN			
#116C14	LBR	LR-NI			
#8D1761	CIV	CI-19			
#4B87A8	LBR	LR-GG			
#0FE3D0	CIV	CI-09			
#C888DC	LBR	LR-X2~			
#BF77F2	LBR	LR-MY			
#9543C1	GIN	GN-MC			
#7A689D	GIN	GN-YO			
#E80A88	LBR	LR-BG			
#9A3838	GIN	GN-NZ			
#0ABDED	GIN	GN-GA			
#984523	GNB	GW-GA			
#B82E4D	GIN	GN-BK			
#B9A92D	GNB	GW-TO			
#3A87E8	GIN	GN-SI			
#6AB1CE	MLI	ML-2			
#5B6339	GIN	GN-KB			
#174F8B	GIN	GN-TO			
#F745A1	GIN	GN-DI			
#F2B2BE	KHM	KH-19			
#4B2272	VNM	VN-03			
#49A053	CHN	CN-GX			
#84C342	VNM	VN-04			
#4F7A5F	VNM	VN-02			
#9314D3	VNM	VN-01			
#2ECCF4	VNM	VN-09			
#BBA3D9	VNM	VN-13			
#F5740E	BRN	BN-BM			
#8636C3	BRN	BN-TU			
#528110	BRN	BN-BE			
#C95AEC	IND	IN-TR			
#D6A034	BGD	BD-G			
#C34C0C	IND	IN-ML			
#C2529B	BGD	BD-C			
#7C3593	BGD	BD-F			
#2C5437	BGD	BD-E			
#7E95CC	BGD	BD-D			
#3A591C	MOZ	MZ-P			
#A1C29F	TZA	TZ-17			
#DBF86D	MOZ	MZ-A			
#4F7134	GIB	GI-X01~			
#5D3DD5	ESP	ES-CA			
#C0744E	USA	US-WA			
#62850F	CAN	CA-BC			
#EB6F86	USA	US-ID			
#834943	USA	US-MT			
#9EE297	CAN	CA-AB			
#31CD4F	CAN	CA-SK			
#9059AA	USA	US-ND			
#2C5D17	CAN	CA-MB			
#1E4AD5	USA	US-MN			
#5E0FE4	CAN	CA-ON			
#71E8AA	USA	US-MI			
#2C5096	USA	US-OH			
#21513A	USA	US-PA			
#3CBB24	USA	US-NY			
#B81292	CAN	CA-QC			
#1E84E2	USA	US-VT			
#C0BFDF	USA	US-NH			
#4673EE	USA	US-ME			
#76B50C	CAN	CA-NB			
#91379D	USA	US-AZ			
#9BE9E3	MEX	MX-SON			
#E77B89	MEX	MX-BCN			
#6344C9	USA	US-CA			
#24511E	USA	US-NM			
#11FDD7	MEX	MX-CHH			
#0AA757	USA	US-TX			
#DD0AA1	MEX	MX-COA			
#8E551F	MEX	MX-TAM			
#0C67B0	MEX	MX-NLE			
#BB275B	BLZ	BZ-CY			
#4D23AB	GTM	GT-PE			
#0B535A	BLZ	BZ-OW			
#2F56EF	BLZ	BZ-CZL			
#EA81DB	MEX	MX-ROO			
#2BED79	MEX	MX-CAM			
#3F9DAB	MEX	MX-TAB			
#27ECB3	MEX	MX-CHP			
#F41268	GTM	GT-SM			
#B643C5	GTM	GT-HU			
#47E5F5	GTM	GT-QC			
#12A2D6	GTM	GT-AV			
#68ABD3	CRI	CR-G			
#D4DFDF	NIC	NI-RI			
#519E2D	GTM	GT-IZ			
#39A181	HND	HN-CR			
#6FAE87	HND	HN-SB			
#20EA4A	HND	HN-CP			
#B9CBC9	GTM	GT-ZA			
#B8ACCF	PAN	PA-1			
#D77570	CRI	CR-L			
#E7F3CE	CRI	CR-P			
#4B96FC	PAN	PA-4			
#85ADD7	PAN	PA-KY			
#ACC031	COL	CO-CHO			
#380BB1	PAN	PA-EM			
#424F1A	PAN	PA-5			
#13E557	GUY	GY-BA			
#96E643	VEN	VE-Y			
#3A9D42	VEN	VE-F			
#D1A30F	BRA	BR-AM			
#272FB0	COL	CO-GUA			
#4B97F3	COL	CO-VAU			
#C154BB	COL	CO-AMA			
#E2EEC4	PER	PE-LOR			
#D7C679	ECU	EC-D			
#95B7C2	ECU	EC-Y			
#BC6CB6	ECU	EC-S			
#3668CF	PER	PE-AMA			
#9F4AB1	ECU	EC-Z			
#34CAE2	PER	PE-CAJ			
#90BA55	ECU	EC-L			
#258FDD	PER	PE-TUM			
#0F8F21	ECU	EC-O			
#1A2F86	PER	PE-PIU			
#74F161	VEN	VE-Z			
#DCC0E0	BOL	BO-H			
#6198BF	PER	PE-UCA			
#B3DE9E	BOL	BO-N			
#D17E8F	BRA	BR-RO			
#24219D	BOL	BO-B			
#86241B	BRA	BR-MT			
#9BDCDE	PER	PE-PUN			
#48EF52	ARG	AR-K			
#5B0B62	CHL	CL-AT			
#8BE8E0	ARG	AR-F			
#1C1C85	ARG	AR-J			
#7D4FE3	CHL	CL-CO			
#B3C1D6	ARG	AR-M			
#AC62BA	CHL	CL-RM			
#AEBDF2	CHL	CL-VS			
#6B6532	CHL	CL-ML			
#2FEAB2	CHL	CL-LI			
#719CFC	ARG	AR-Q			
#A23071	CHL	CL-NB			
#BE757D	CHL	CL-AR			
#EEE286	CHL	CL-BI			
#EA5781	CHL	CL-LR			
#627ABF	ARG	AR-U			
#BDC364	CHL	CL-LL			
#D46F52	ARG	AR-R			
#6CCEBF	CHL	CL-AI			
#6063F6	ARG	AR-Z			
#213E9D	CHL	CL-MA			
#8C9D7C	ARG	AR-V			
#3951FB	VEN	VE-V			
#31A574	COL	CO-LAG			
#0BB497	COL	CO-CES			
#AB2DD2	COL	CO-NSA			
#74DB72	VEN	VE-S			
#8B31EB	VEN	VE-C			
#CDA05E	COL	CO-ARA			
#E6985E	COL	CO-BOY			
#6BA61F	COL	CO-VID			
#72F334	POL	PL-PM			
#686F47	IDN	ID-PA			
#C22E91	PNG	PG-SAN			
#89AC6A	PNG	PG-WPD			
#D80A42	TKM	TM-B			
#30551A	KAZ	KZ-MAN			
#3B6254	KAZ	KZ-KZY			
#4990E1	UZB	UZ-QR			
#A73120	KAZ	KZ-AKT			
#71CD8C	UZB	UZ-NW			
#6EBB3A	TKM	TM-D			
#36936E	UZB	UZ-XO			
#DC2F0B	UZB	UZ-BU			
#321DF3	IRN	IR-31			
#209696	IRN	IR-27			
#A579F1	IRN	IR-30			
#9F5478	IRN	IR-29			
#EAF95A	AFG	AF-NIM			
#A61CE4	IRN	IR-13			
#895385	AFG	AF-FRA			
#55D4ED	PAK	PK-KP			
#A05946	PAK	PK-TA			
#DE8D2B	AFG	AF-KNR			
#D68F4A	AFG	AF-NUR			
#5686E0	AFG	AF-NAN			
#7B8622	AFG	AF-KHO			
#AC91DB	AFG	AF-PKA			
#40E331	PAK	PK-BA			
#FC784E	AFG	AF-PIA			
#0B25D3	AFG	AF-ZAB			
#E51D12	AFG	AF-KAN			
#1A8E92	AFG	AF-HEL			
#2B8319	KAZ	KZ-SEV			
#B110C0	RUS	RU-TYU			
#69C2AB	RUS	RU-KGN			
#1542F9	RUS	RU-OMS			
#1DAB3C	KAZ	KZ-KUS			
#C82373	KAZ	KZ-PAV			
#FC1D14	RUS	RU-NVS			
#9CC138	RUS	RU-CHE			
#FF29C0	RUS	RU-ALT			
#484F26	RUS	RU-ORE			
#E274D2	KAZ	KZ-ZAP			
#BE7869	RUS	RU-SAR			
#5D769D	RUS	RU-AST			
#323C8F	RUS	RU-VGG			
#FBED79	KAZ	KZ-ATY			
#9D89F5	JOR	JO-MA			
#8D0BBA	SYR	SY-SU			
#5C1A77	SYR	SY-DR			
#8F8ED7	EGY	EG-SIN			
#44C9F0	SAU	SA-08			
#D0A593	IRQ	IQ-AN			
#CD942F	IRQ	IQ-NA			
#51A078	SAU	SA-12			
#76F83B	JOR	JO-MN			
#6416EE	JOR	JO-AM			
#D5857B	JOR	JO-AZ			
#0A40FD	KWT	KW-AH			
#E8DBAD	IRQ	IQ-NI			
#E54145	SYR	SY-DY			
#4F5910	YEM	YE-HD			
#6F74D0	OMN	OM-ZU			
#B699EB	YEM	YE-MR			
#C69D3C	OMN	OM-WU			
#B3D079	SAU	SA-10			
#F0E7FE	YEM	YE-SD			
#425AF4	SAU	SA-14			
#2CEC9C	YEM	YE-HJ			
#2A92D5	SAU	SA-09			
#DD9C14	YEM	YE-JA			
#1FAF98	LBY	LY-KF			
#A9C1FA	TCD	TD-X01~			
#3C7C2B	TCD	TD-BO			
#553AA3	LBY	LY-MQ			
#1032BA	TCD	TD-TI			
#C73985	NER	NE-1			
#5E6CA7	DZA	DZ-11			
#52A095	MRT	MR-11			
#C5D473	DZA	DZ-37			
#4EA67F	TCD	TD-KA			
#EE7844	SDN	SD-NO			
#9AB00B	EGY	EG-ASN			
#E056A5	EGY	EG-BA			
#BA19DF	SDN	SD-NR			
#773A2E	KEN	KE-400			
#55884E	KEN	KE-500			
#75F4D7	DZA	DZ-08			
#9981C9	MAR	MA-06			
#7BD25F	MAR	MA-13			
#BF28FF	MRT	MR-08			
#BC79A6	MRT	MR-07			
#6672EE	TUN	TN-32			
#B9E99A	DZA	DZ-36			
#337AAC	TUN	TN-73			
#4CCCE6	DZA	DZ-39			
#C4C97C	TUN	TN-72			
#71FF34	DZA	DZ-12			
#79EF67	TUN	TN-71			
#F1246E	TUN	TN-42			
#30E4F0	TUN	TN-33			
#FAA43D	DZA	DZ-41			
#C144CB	DZA	DZ-30			
#12CCF5	MLI	ML-8			
#CFBE38	SDN	SD-DN			
#AAEA24	SDN	SD-DW			
#CB8CCD	TCD	TD-OD			
#5FBC73	TCD	TD-WF			
#D36FD1	LBY	LY-BU			
#317312	EGY	EG-MT			
#D25620	LBY	LY-AJ			
#E75E83	EGY	EG-WAD			
#F9BEA1	GNB	GW-BA			
#7CBBEC	GNB	GW-OI			
#78F1B9	SEN	SN-SE			
#AB3F5A	GNB	GW-CA			
#9A49BB	SEN	SN-ZG			
#E786AC	SOM	SO-JH			
#FEE9A9	KEN	KE-300			
#D6E297	TZA	TZ-13			
#B0B157	KEN	KE-600			
#1B5F2F	TZA	TZ-01			
#8587F8	TZA	TZ-09			
#117790	TZA	TZ-25			
#70AC6E	UGA	UG-110			
#B13129	UGA	UG-101			
#957F7A	UGA	UG-120			
#B543E7	UGA	UG-214			
#EBB3EA	UGA	UG-230			
#45C48C	GNQ	GQ-LI			
#E5D4E1	GNQ	GQ-KN			
#ECD1BA	GNQ	GQ-CS			
#9BC913	GNQ	GQ-WN			
#8DA12B	GAB	GA-1			
#30A844	MRT	MR-05			
#16D177	SEN	SN-SL			
#A6E182	MRT	MR-06			
#DDEC41	MRT	MR-04			
#12E9C7	SEN	SN-MT			
#92DBE9	MRT	MR-10			
#2BB830	MRT	MR-01			
#CE2474	MRT	MR-02			
#9FEE50	MRT	MR-03			
#79D38A	ZMB	ZM-01			
#1119CA	AGO	AO-CCU			
#393E4F	AGO	AO-MOX			
#27CD73	ZMB	ZM-06			
#9A77B7	AGO	AO-NAM			
#43188D	NAM	NA-KU			
#6B5EAE	AGO	AO-CNN			
#7E510D	NAM	NA-OS			
#BC994C	NAM	NA-OW			
#3CD1F2	NAM	NA-OK			
#533676	NAM	NA-CA			
#C858CF	MOZ	MZ-T			
#2BDF10	ZWE	ZW-ME			
#FFB0B1	MOZ	MZ-B			
#2FAA33	ZWE	ZW-MA			
#5CE2FE	MOZ	MZ-G			
#0A279E	AGO	AO-ZAI			
#869F5E	AGO	AO-UIG			
#E7E515	COD	CD-KW			
#ECD75F	AGO	AO-LNO			
#F20D4B	AGO	AO-MAL			
#F4AB1E	AGO	AO-LSU			
#DC6AED	NAM	NA-HA			
#BE38B9	NAM	NA-OD			
#35A743	NAM	NA-OH			
#1FEE34	BWA	BW-GH			
#57A0DB	GMB	GM-M			
#A2E896	SEN	SN-KA			
#A3F2C3	GMB	GM-N			
#7FEDDA	SEN	SN-KL			
#96F416	GMB	GM-U			
#D89C38	GMB	GM-L			
#942778	SEN	SN-FK			
#FE9FE3	GMB	GM-W			
#14C149	DZA	DZ-33			
#CAD4D6	LBY	LY-WS			
#4A354E	LBY	LY-GT			
#F0F20D	BFA	BF-SEN			
#404373	BFA	BF-YAG			
#85558A	BFA	BF-KMD			
#0BBDFD	CAF	CF-SE			
#A74B10	CMR	CM-ES			
#F4211D	CAF	CF-NM			
#D4D0DC	CAF	CF-HS			
#3A3E1B	UGA	UG-315			
#CF2EF1	UGA	UG-305			
#B14CEB	UGA	UG-327			
#AE8EA7	UGA	UG-319			
#985D7F	UGA	UG-301			
#A33A62	UGA	UG-309			
#E17799	UGA	UG-313			
#88D18A	UGA	UG-316			
#1AC6D7	ZAF	ZA-MP			
#4676A5	SWZ	SZ-HH			
#9B9C85	SWZ	SZ-MA			
#4782F9	SWZ	SZ-SH			
#D1D415	ZMB	ZM-04			
#FFC28F	ZMB	ZM-08			
#1DA665	ZMB	ZM-02			
#DEDE24	BFA	BF-KOP			
#E110F1	BFA	BF-BLG			
#9EFD0A	BEN	BJ-DO			
#B80FF7	BEN	BJ-ZO			
#22BAC9	BEN	BJ-KO			
#B24D28	BEN	BJ-MO			
#96AF32	BFA	BF-NAO			
#4384CA	BFA	BF-SIS			
#23E697	GHA	GH-UW			
#57B8B5	BFA	BF-IOB			
#87678D	MWI	MW-NK			
#11126A	MWI	MW-SA			
#A1155C	MWI	MW-MG			
#BEB331	MWI	MW-MH			
#64A6C6	MWI	MW-DE			
#86E5E8	MWI	MW-LI			
#4623B0	MWI	MW-NS			
#70E7D4	MWI	MW-CK			
#8DB347	MWI	MW-MW			
#40E4B5	MWI	MW-NE			
#18EE7C	MWI	MW-NU			
#8242B0	MWI	MW-ZO			
#94D062	MOZ	MZ-Q			
#B5DAD9	MWI	MW-PH			
#A79AA9	MWI	MW-MU			
#FC80C4	MWI	MW-TH			
#9829C6	UGA	UG-308			
#4E9839	KEN	KE-800			
#AFB2A0	UGA	UG-206			
#FB170B	UGA	UG-218			
#CAC55B	UGA	UG-324			
#718E9E	UGA	UG-202			
#F4E033	UGA	UG-212			
#33C619	UGA	UG-221			
#5FB3A5	UGA	UG-223			
#9AEE45	UGA	UG-320			
#799FBB	UGA	UG-303			
#BF2BCD	UGA	UG-331			
#6646DC	UGA	UG-310			
#8CB0C3	UGA	UG-419			
#B5529D	UGA	UG-403			
#DAA1EE	UGA	UG-423			
#10C73A	UGA	UG-401			
#7ABF0E	UGA	UG-405			
#A6AC45	UGA	UG-406			
#B4309D	UGA	UG-424			
#0EADBD	UGA	UG-412			
#9AEB46	UGA	UG-414			
#4DA84B	ERI	ER-DU			
#4D2FD0	SDN	SD-RS			
#F2B70F	ERI	ER-SK			
#DF7E1B	ERI	ER-GB			
#EBB772	SDN	SD-KA			
#D7B0D8	ERI	ER-MA			
#BC5FAC	EST	EE-44			
#2CBECC	EST	EE-65			
#1C3A54	EST	EE-78			
#92EE22	EST	EE-49			
#BFB0D8	PAK	PK-PB			
#276BBE	IND	IN-PB			
#E587CA	IND	IN-RJ			
#10A716	PAK	PK-SD			
#472417	IND	IN-GJ			
#713F43	USA	US-AK			
#1EF5F9	CAN	CA-YT			
#EC3B81	SDN	SD-NW			
#BA27F0	SDN	SD-KS			
#24F8B4	SDS	SS-UY			
#87C026	HKG	HK-X16~			
#740A1C	CHN	CN-GD			
#EAA88C	VAT	VA-X01~			
#17C52F	SDS	SS-BN			
#DD6761	SDN	SD-DS			
#97563B	DZA	DZ-45			
#E72830	DZA	DZ-13			
#9CC85E	IND	IN-HP			
#15B436	CYN	-99-X04~			
#6D16E7	CYP	CY-04			
#CD112E	CYP	CY-01			
#DA76A9	KAS	-99-X06~			
#727D15	KAB	-99-X05~			
#E5F08F	SYR	SY-QU			
#9A8BC0	WSB	-99-X17~			
#D07152	CYP	CY-02			
#D1B682	BLZ	BZ-TOL			
#244868	BTN	BT-15			
#13C16D	BTN	BT-11			
#54A5DA	BTN	BT-GA			
#BD40FE	IND	IN-JK			
#C4882D	UKR	UA-43			
#8EC711	UKR	UA-65			
#B69C84	IND	IN-BR			
#9D6326	NPL	NP-NA			
#37919D	NPL	NP-LU			
#A2E99B	IND	IN-UP			
#6C1199	NPL	NP-RA			
#0AD1B0	NPL	NP-BH			
#630B24	URY	UY-SA			
#4ED219	URY	UY-RV			
#998E15	URY	UY-RO			
#B940E7	URY	UY-TT			
#64672C	URY	UY-CL			
#A9A051	CRI	CR-H			
#3DCBBF	SVN	SI-015			
#19E01A	SVN	SI-063			
#52D8A4	SVN	SI-176			
#9CFCFA	SVN	SI-087			
#0A7A68	HRV	HR-05			
#AC8FAA	SVN	SI-143			
#99D6DC	SVN	SI-028			
#EE6AD1	SVN	SI-135			
#B73A5C	SVN	SI-172			
#B1B37E	SVN	SI-191			
#E548E1	HRV	HR-02			
#B56C18	SVN	SI-107			
#B05A3A	SVN	SI-106			
#3D6321	SVN	SI-149			
#4310A3	SVN	SI-092			
#83DE6B	SVN	SI-009			
#D1AA9F	HRV	HR-01			
#35BBCC	SVN	SI-054			
#4833F9	SVN	SI-119			
#E378BE	SVN	SI-085			
#898121	SVN	SI-073			
#12D32B	SVN	SI-017			
#F85150	HRV	HR-08			
#F39476	SVN	SI-048			
#6D1D30	SVN	SI-165			
#704565	SVN	SI-066			
#FC8EDD	SVN	SI-065			
#536E5F	SVN	SI-038			
#4E4B76	ISR	IL-JM			
#5224C4	PAK	PK-JK			
#B3C695	ESP	ES-OR			
#C81A53	PRT	PT-16			
#3D4D61	ESP	ES-CC			
#A3BDC6	PRT	PT-05			
#786344	PRT	PT-09			
#D03DE3	ESP	ES-SA			
#A3B19F	PRT	PT-04			
#14887E	ESP	ES-ZA			
#42CDC4	PRT	PT-17			
#499167	PRT	PT-03			
#50956B	ESP	ES-PO			
#95E1B2	ESP	ES-H			
#3B8898	PRT	PT-08			
#70B8CB	PRT	PT-02			
#C81610	GBR	GB-FLN			
#0FA2E4	GBR	GB-CHW			
#4C1ADE	GBR	GB-WRX			
#E70A1C	GBR	GB-SHR			
#E1320A	GBR	GB-POW			
#16E5E2	GBR	GB-HEF			
#8362A4	GBR	GB-MON			
#3DE2D6	GBR	GB-GLS			
#7C5D86	GBR	GB-SCB			
#9A7BF4	GBR	GB-NBL			
#33155E	GBR	GB-CMA			
#B91231	GBR	GB-DGY			
#59521A	BEL	BE-BRU			
#F895B8	BEL	BE-VBR			
#6975F6	BEL	BE-WBR			
#4764B7	BIH	BA-BIH			
#8CD953	BIH	BA-BIH			
#A02DBF	BIH	BA-BIH			
#6A4A88	BIH	BA-X05~			
#9D5C0F	BIH	BA-BIH			
#97DB1C	BIH	BA-BIH			
#5F9391	SRB	RS-00			
#320EAC	SRB	RS-10			
#56BE8D	GEO	GE-GU			
#C584FF	IRQ	IQ-SD			
#4C6937	IRQ	IQ-TS			
#22E799	ATA	AQ-X01~			
#BC2813	NZL	NZ-X06~			
#96604A	ARG	AR-B			
#5D482C	BRA	BR-MA			
#FA6EE1	BRA	BR-PI			
#C86FE8	BRA	BR-CE			
#7CC02A	BRA	BR-RN			
#EBCD14	BRA	BR-PB			
#2053BF	BRA	BR-PE			
#80B927	BRA	BR-AL			
#4B86B1	BRA	BR-SE			
#2EF457	BRA	BR-BA			
#78F417	BRA	BR-ES			
#45804F	BRA	BR-RJ			
#0B2DCB	BRA	BR-SP			
#FF8516	URY	UY-MA			
#AC7ECE	URY	UY-CA			
#6AE0BF	URY	UY-MO			
#4978AE	URY	UY-SJ			
#815E8D	URY	UY-CO			
#88BA3D	URY	UY-SO			
#30E928	URY	UY-RN			
#28BBF2	ARG	AR-C			
#4EADBB	NCL	NC-X03~			
#12909E	AUS	AU-WA			
#408A79	AUS	AU-NT			
#E44511	MDG	MG-M			
#FB178D	MDG	MG-M			
#879973	MDG	MG-D			
#741C27	MDG	MG-D			
#19A0CD	MDG	MG-A			
#6D2440	MDG	MG-A			
#60EF47	MDG	MG-F			
#6D0A34	MDG	MG-F			
#31A6EB	MDG	MG-U			
#4030C8	MDG	MG-U			
#3D7B9F	MDG	MG-U			
#190DCC	MDG	MG-U			
#5487D5	MDG	MG-M			
#B1F318	AUS	AU-SA			
#FC49A9	AUS	AU-QLD			
#E63C66	AUS	AU-NSW			
#3A6FE9	AUS	AU-X02~			
#488FD9	AUS	AU-VIC			
#E8D981	AGO	AO-CUS			
#58C6C6	AGO	AO-BGU			
#C0406F	NAM	NA-ER			
#331B44	ZAF	ZA-WC			
#BE5E57	MOZ	MZ-L			
#225CC1	MOZ	MZ-I			
#B931FC	MOZ	MZ-S			
#BD0DC2	MOZ	MZ-N			
#570C8E	TZA	TZ-12			
#83E031	TZA	TZ-19			
#63C920	TZA	TZ-02			
#B42036	IDN	ID-JI			
#3E2CB8	IDN	ID-MA			
#1FD8F3	IDN	ID-NB			
#5EFD60	IDN	ID-SN			
#D3DEDC	IDN	ID-JT			
#17CB71	IDN	ID-JB			
#215BD2	IDN	ID-JK			
#DCFCC6	IDN	ID-BT			
#449C3C	IDN	ID-YO			
#6A6126	IDN	ID-SG			
#636CFB	IDN	ID-PB			
#C9DBCA	ECU	EC-G			
#8E6ED0	IDN	ID-ST			
#3A3B4C	IDN	ID-MU			
#7C9DBF	ECU	EC-W			
#E3B880	PNG	PG-ESW			
#CFB44F	PNG	PG-MPM			
#F4739F	PNG	PG-MPL			
#AC8EC7	PNG	PG-NPP			
#538A14	PNG	PG-MBA			
#66DC9C	PNG	PG-CPM			
#E54772	PNG	PG-NCD			
#70844C	PNG	PG-GPK			
#9CC445	IDN	ID-KR			
#A79527	IDN	ID-RI			
#F1EC0E	IDN	ID-GO			
#B84312	IDN	ID-SA			
#FDA540	IDN	ID-SR			
#4F8172	COL	CO-CAU			
#0DBEBE	PER	PE-MOQ			
#C4C982	PER	PE-ARE			
#1ACF50	PER	PE-ICA			
#37E652	PER	PE-LIM			
#11752F	PER	PE-LIM			
#897F82	PER	PE-CAL			
#EF22FA	PER	PE-ANC			
#8EC68C	PER	PE-LAL			
#A0BDE5	PER	PE-LAM			
#274A94	ECU	EC-SE			
#9D2DC7	ECU	EC-M			
#EE69D1	COL	CO-VAC			
#32D336	PAN	PA-8			
#ECCB3A	PAN	PA-2			
#A40CF0	PHL	PH-SLU			
#59FF82	IDN	ID-JA			
#76E578	IDN	ID-SS			
#384967	IDN	ID-LA			
#AD9F4D	IDN	ID-BE			
#B44B4F	IDN	ID-SB			
#FDF573	IDN	ID-SU			
#7B4219	IDN	ID-AC			
#958B48	GUY	GY-DE			
#4BB07B	IDN	ID-KT			
#A3E565	IDN	ID-KS			
#753A60	PHL	PH-DAV			
#58F778	PAN	PA-9			
#CC9962	PHL	PH-ZSI			
#D3C4B8	PHL	PH-PLW			
#E551DA	VNM	VN-52			
#EF3AA1	PHL	PH-SUN			
#42793E	PHL	PH-SUR			
#619DE5	PHL	PH-AGN			
#162F63	PHL	PH-AGN			
#A1F599	PHL	PH-MSR			
#781620	PHL	PH-MSR			
#ADB094	PHL	PH-LAN			
#2BCAE8	PHL	PH-LAN			
#852D49	PHL	PH-ZAS			
#E8C388	PHL	PH-MSC			
#7F8C5C	PHL	PH-ZAN			
#F7D1D6	PHL	PH-ZAN			
#B3385B	PHL	PH-LAS			
#D74724	PHL	PH-MAG			
#9BBD49	PHL	PH-NCO			
#40AEAF	PHL	PH-SUK			
#EA5AD4	PHL	PH-SAR			
#F28016	PHL	PH-SCO			
#72502C	PHL	PH-DAS			
#3127C1	PHL	PH-DAV			
#F7B2FD	PHL	PH-COM			
#63D3DD	PHL	PH-DAO			
#B7F452	LKA	LK-53			
#820A59	LKA	LK-45			
#AC8C3A	LKA	LK-41			
#A2AB99	LKA	LK-42			
#1AD0D3	LKA	LK-43			
#189C76	LKA	LK-62			
#DE69F6	LKA	LK-12			
#17B66E	LKA	LK-11			
#68485A	LKA	LK-13			
#311E79	LKA	LK-31			
#8C6E4A	LKA	LK-32			
#C26B2F	LKA	LK-33			
#6B24BE	LKA	LK-52			
#F6E5DA	LKA	LK-51			
#682170	PHL	PH-SLE			
#EC2F99	VNM	VN-46			
#F1D4F8	VNM	VN-43			
#BEC8BF	KHM	KH-18			
#95AEB9	VNM	VN-SG			
#BFEC50	PHL	PH-LEY			
#60FE2A	PHL	PH-EAS			
#915341	PHL	PH-BIL			
#AF9FFE	PHL	PH-WSA			
#9F47F1	VNM	VN-34			
#265914	CUW	CW-X01~			
#F58832	PAN	PA-3			
#62AF24	COL	CO-ANT			
#BD28A9	COL	CO-COR			
#335CCB	COL	CO-SUC			
#EEDC6C	COL	CO-BOL			
#8010CD	COL	CO-ATL			
#651CD2	COL	CO-MAG			
#F5A021	VEN	VE-L			
#6225AA	VEN	VE-T			
#D0FF24	VEN	VE-I			
#8D9D0D	VEN	VE-U			
#95CE45	VEN	VE-G			
#7C669E	VEN	VE-D			
#7A49F0	VEN	VE-X			
#343078	VEN	VE-M			
#79E568	VEN	VE-B			
#2110B5	VEN	VE-R			
#345C1A	VEN	VE-N			
#25D93A	GUY	GY-CU			
#CC4644	GUY	GY-UT			
#71F1F9	GUY	GY-EB			
#BD91B9	GUY	GY-ES			
#8F367F	SUR	SR-CR			
#44F590	SUR	SR-SA			
#639596	SUR	SR-WA			
#7BD6BA	SUR	SR-PM			
#326DEE	SUR	SR-CM			
#BE7DBA	ABW	AW-X01~			
#57FCED	IND	IN-AP			
#87214F	HTI	HT-SD			
#E51468	NGA	NG-ON			
#253AAA	NGA	NG-DE			
#2A2DBA	NGA	NG-BY			
#47A98C	NGA	NG-RI			
#DB7B2E	NGA	NG-AK			
#FDE490	CMR	CM-LT			
#595D5D	GAB	GA-8			
#12FB3D	COG	CG-16			
#6288B6	AGO	AO-BGO			
#1A10D5	AGO	AO-LUA			
#2670F8	LBY	LY-SR			
#7B5AD3	LBY	LY-MI			
#38FB4B	LBY	LY-MB			
#AB1AE4	LBY	LY-TN			
#B1E894	LBY	LY-ZA			
#CF9F1F	TUN	TN-81			
#EAAADD	TUN	TN-61			
#9C132A	TUN	TN-53			
#86A0D1	TUN	TN-52			
#E284EF	TUN	TN-51			
#98C3AD	TUN	TN-21			
#90236A	TUN	TN-13			
#AE58D1	TUN	TN-11			
#70BBA7	TUN	TN-14			
#A26A30	TUN	TN-23			
#D4FD43	TUN	TN-31			
#B76954	DZA	DZ-23			
#C32755	DZA	DZ-21			
#CD6AA2	DZA	DZ-18			
#E3E3DD	DZA	DZ-06			
#B0C563	DZA	DZ-15			
#B21B77	DZA	DZ-35			
#8BDBAB	DZA	DZ-16			
#973D77	DZA	DZ-42			
#5EA17D	DZA	DZ-02			
#6F8AAB	DZA	DZ-27			
#E445DE	DZA	DZ-31			
#D28FF3	DZA	DZ-46			
#7E57AD	MAR	MA-03			
#D03520	MAR	MA-02			
#637E26	MAR	MA-07			
#409CA9	MAR	MA-09			
#F9E3CD	MAR	MA-08			
#8DD330	MAR	MA-10			
#44F37F	MAR	MA-11			
#0DC155	MRT	MR-12			
#393866	MRT	MR-NKC			
#36AFAA	SEN	SN-LG			
#E44C31	SEN	SN-TH			
#158A59	SEN	SN-DK			
#EA5A68	GMB	GM-B			
#D70D63	GNB	GW-BM			
#B69A44	GNB	GW-BS			
#59C294	GNB	GW-QU			
#7B0E7A	GNB	GW-BL			
#E986A4	GIN	GN-BF			
#FA5AB9	GIN	GN-DU			
#C63BE2	GIN	GN-C			
#B1B583	GIN	GN-CO			
#816433	SLE	SL-W			
#9D812A	LBR	LR-BM			
#169326	LBR	LR-MO			
#403CF4	LBR	LR-MG			
#200CD8	LBR	LR-GB			
#79AFF7	LBR	LR-RI			
#AD301A	LBR	LR-SI			
#4E0B3C	LBR	LR-GK			
#3770BD	CIV	CI-15			
#C20CCF	CIV	CI-01			
#2E805D	GHA	GH-CP			
#70B0EB	GHA	GH-AA			
#D0195B	BEN	BJ-AQ			
#AB2AEE	BEN	BJ-LI			
#C0C183	MEX	MX-COL			
#64B91D	HTI	HT-GA			
#A167A2	PHL	PH-AUR			
#F459A1	PHL	PH-QUE			
#6FE224	PHL	PH-CAN			
#517CDB	PHL	PH-CAS			
#40CA8B	PHL	PH-ALB			
#4C97D5	PHL	PH-SOR			
#EB295D	PHL	PH-QUE			
#569643	PHL	PH-BTG			
#107C67	PHL	PH-CAV			
#DEE8C7	PHL	PH-MNL			
#74AE23	PHL	PH-MNL			
#C69E3D	PHL	PH-MNL			
#8224AD	PHL	PH-MNL			
#1B330E	PHL	PH-MNL			
#DFF28D	PHL	PH-BUL			
#825A46	PHL	PH-PAM			
#C4BE45	PHL	PH-BAN			
#2266E6	PHL	PH-ZMB			
#246064	PHL	PH-ZMB			
#CD0A28	PHL	PH-PAN			
#A35691	PHL	PH-PAN			
#462974	PHL	PH-LUN			
#0D720B	PHL	PH-ILS			
#6D9052	PHL	PH-ILN			
#81B20F	PHL	PH-CAG			
#348BE9	PHL	PH-ISA			
#ED1F72	HTI	HT-NO			
#A5E9CE	CHN	CN-HI			
#C73340	MEX	MX-NAY			
#0B8D69	BHS	BS-IN			
#536641	TCA	TC-X03~			
#A2C634	TCA	TC-X04~			
#3715F2	TCA	TC-X01~			
#AFB0DE	TCA	TC-X02~			
#2C332F	BHS	BS-MG			
#BDC7C8	BHS	BS-AK			
#42B051	CHN	CN-FJ			
#F8E976	MEX	MX-BCS			
#27AD8D	SOM	SO-JD			
#0D3BBD	SOM	SO-SH			
#4E7A2A	SOM	SO-BN			
#FE5A2B	SOM	SO-SD			
#C2DD16	DJI	DJ-DJ			
#47F06A	EGY	EG-SUZ			
#A065FE	EGY	EG-JS			
#403987	SAU	SA-07			
#B67A1A	SAU	SA-03			
#F55FE8	SAU	SA-02			
#BCF941	YEM	YE-HU			
#316B61	YEM	YE-TA			
#0B9D72	YEM	YE-LA			
#AF8370	YEM	YE-AD			
#6A74BB	YEM	YE-AB			
#3DCF6D	YEM	YE-SH			
#814658	OMN	OM-SH			
#16C2EA	OMN	OM-SS			
#7FD5DD	OMN	OM-MA			
#42C26F	OMN	OM-BJ			
#70A5A7	ARE	AE-UQ			
#D73024	ARE	AE-AJ			
#949E34	QAT	QA-WA			
#4F6672	QAT	QA-DA			
#67BDCF	QAT	QA-ZA			
#96B997	QAT	QA-KH			
#2826FF	QAT	QA-MS			
#847B4A	KWT	KW-MU			
#30C359	KWT	KW-HA			
#6E6678	KWT	KW-KU			
#1B21D8	TWN	TW-TAO			
#5F8F0C	TWN	TW-HSQ			
#210C83	TWN	TW-HSZ			
#752120	TWN	TW-MIA			
#F59B89	TWN	TW-TXG			
#BE9B94	TWN	TW-CHA			
#721AAE	TWN	TW-YUN			
#449959	TWN	TW-CYQ			
#66ED1C	TWN	TW-TNN			
#AC5F69	TWN	TW-KHH			
#567DE5	TWN	TW-PIF			
#56530C	TWN	TW-TTT			
#159632	TWN	TW-HUA			
#AE8A89	TWN	TW-ILA			
#52F69C	TWN	TW-TPQ			
#13AAAD	TWN	TW-KEE			
#D2F0C1	MEX	MX-SIN			
#B55C7E	USA	US-LA			
#40512E	USA	US-MS			
#CDEDE5	USA	US-AL			
#366782	USA	US-FL			
#DB2672	USA	US-GA			
#FE5B10	USA	US-SC			
#437385	USA	US-NC			
#B6C6E6	USA	US-VA			
#0DEF15	USA	US-DC			
#33F3E1	USA	US-MD			
#7D82B6	USA	US-DE			
#C6C877	USA	US-NJ			
#30C11E	USA	US-CT			
#610BED	USA	US-RI			
#86AA27	USA	US-MA			
#6B6D5A	PAN	PA-NB			
#F731B7	NIC	NI-AS			
#419D57	HND	HN-CL			
#F26DA9	HND	HN-AT			
#B45B9E	BLZ	BZ-SC			
#B38787	BLZ	BZ-BZ			
#8A9FF0	MEX	MX-YUC			
#E46433	MEX	MX-VER			
#AF91A6	MEX	MX-JAL			
#A2CD88	MEX	MX-MIC			
#7ACF6A	MEX	MX-GRO			
#D3DAF9	MEX	MX-OAX			
#B1E7B8	GTM	GT-RE			
#95291A	GTM	GT-SU			
#BC563D	GTM	GT-ES			
#B7855C	GTM	GT-SR			
#98C6FC	SLV	SV-SO			
#D66C79	SLV	SV-LI			
#431CCE	SLV	SV-PA			
#954C87	SLV	SV-SV			
#2C4F1F	SLV	SV-US			
#573746	NIC	NI-LE			
#855764	NIC	NI-MN			
#EBE89A	NIC	NI-CA			
#B0DA8C	PAN	PA-7			
#B9C58D	PAN	PA-6			
#5DAF95	CHN	CN-ZJ			
#DC5761	CHN	CN-SH			
#4941CA	JPN	JP-46			
#E789CC	CHN	CN-JS			
#94A9CC	IRN	IR-06			
#ECD264	IRN	IR-23			
#A17CF4	ISR	IL-TA			
#1DB245	EGY	EG-PTS			
#1AF8D3	EGY	EG-DK			
#8469E9	EGY	EG-SHR			
#D0E5D0	EGY	EG-IS			
#1D15FD	EGY	EG-DT			
#F6E774	EGY	EG-KFS			
#7566BA	EGY	EG-BH			
#D49815	EGY	EG-ALX			
#D81519	LBY	LY-QB			
#FBF073	LBY	LY-JA			
#227A34	LBY	LY-MJ			
#6F3488	LBY	LY-BA			
#DB186C	JPN	JP-44			
#BDF09A	JPN	JP-40			
#F93EB2	JPN	JP-41			
#F61422	JPN	JP-42			
#F59E61	JPN	JP-43			
#41E16B	JPN	JP-45			
#EFD277	JPN	JP-36			
#A48580	JPN	JP-37			
#D4BADA	JPN	JP-38			
#53949D	JPN	JP-39			
#7BBF5F	JPN	JP-32			
#603F9A	KOR	KR-44			
#DE444C	JPN	JP-35			
#9E5BE9	JPN	JP-31			
#F1C3ED	JPN	JP-28			
#29579B	JPN	JP-26			
#725044	JPN	JP-18			
#7F6E68	JPN	JP-17			
#6DC26D	JPN	JP-16			
#96ADE8	JPN	JP-15			
#4095D1	JPN	JP-06			
#D961D6	JPN	JP-05			
#802541	JPN	JP-02			
#7B1F85	JPN	JP-03			
#A776F2	JPN	JP-04			
#41FB3E	JPN	JP-07			
#9C0A68	JPN	JP-08			
#B4E248	JPN	JP-12			
#85E5B7	JPN	JP-13			
#9D498E	JPN	JP-14			
#263F35	JPN	JP-22			
#6C4421	JPN	JP-23			
#1D3C93	JPN	JP-24			
#2D130D	JPN	JP-30			
#7D3E45	JPN	JP-27			
#CB3ACB	JPN	JP-33			
#4FAFD7	JPN	JP-34			
#CCC6E5	USA	US-OR			
#DECA6B	CAN	CA-NU			
#53CD9C	CAN	CA-NL			
#134463	CAN	CA-NS			
#7938A4	JPN	JP-01			
#0CA349	SPM	PM-X01~			
#301893	SPM	PM-X02~			
#CDC294	IND	IN-OR			
#2EF0C7	BGD	BD-A			
#BAED1E	MMR	MM-07			
#1E181B	MMR	MM-06			
#1DA210	MMR	MM-02			
#47C3B5	THA	TH-82			
#FA960A	THA	TH-81			
#962F88	THA	TH-92			
#FE594C	MYS	MY-07			
#E3DBF9	MYS	MY-10			
#E8F622	MYS	MY-05			
#C7C595	MYS	MY-04			
#91CB5E	MYS	MY-01			
#5D41D2	MYS	MY-06			
#C3FA3E	MYS	MY-11			
#7A5567	THA	TH-94			
#5EAE7A	THA	TH-93			
#7E3E3B	THA	TH-80			
#EC88D0	THA	TH-84			
#46F6F4	THA	TH-75			
#D52779	THA	TH-74			
#AB9A52	THA	TH-10			
#B811A3	THA	TH-11			
#B0EA4E	THA	TH-24			
#F624C0	THA	TH-20			
#942DDD	THA	TH-21			
#F16720	KHM	KH-23			
#79BB79	VNM	VN-59			
#B80D79	VNM	VN-55			
#8724E7	VNM	VN-73			
#65F3B0	VNM	VN-49			
#AD9DD0	VNM	VN-51			
#A015D7	VNM	VN-50			
#E8868C	VNM	VN-39			
#379B4D	VNM	VN-40			
#84917D	VNM	VN-36			
#8B12CD	VNM	VN-32			
#E4585F	VNM	VN-31			
#9445A2	VNM	VN-29			
#AE5759	VNM	VN-DN			
#D6E74C	VNM	VN-18			
#4D2833	VNM	VN-67			
#D7763F	VNM	VN-20			
#135241	VNM	VN-HP			
#ECBB29	CHN	CN-SD			
#C7C942	CHN	CN-HE			
#716412	CHN	CN-TJ			
#C62873	PRK	KP-02			
#C8E9E3	PRK	KP-05			
#0AEF13	KOR	KR-28			
#709F81	KOR	KR-45			
#F15335	KOR	KR-46			
#77D05A	KOR	KR-48			
#BC4325	KOR	KR-26			
#E19D8C	KOR	KR-31			
#4755A0	KOR	KR-47			
#2FC3BD	PRK	KP-08			
#F02593	RUS	RU-MAG			
#E048F6	IND	IN-DH			
#FE8153	IND	IN-MH			
#FE44C3	IND	IN-GA			
#28ACB8	IND	IN-KA			
#A2C2AB	IND	IN-KL			
#5DAE23	IND	IN-PY			
#4ED07D	IND	IN-TN			
#CDE02E	RUS	RU-SAK			
#D695CB	IRL	IE-D			
#1529C2	IRL	IE-D			
#67569F	IRL	IE-WW			
#FF334A	IRL	IE-WX			
#FBBF1E	IRL	IE-KK			
#C6A259	IRL	IE-WD			
#BA7F31	IRL	IE-CO			
#FAC360	IRL	IE-CO			
#9D6831	IRL	IE-KY			
#89956C	IRL	IE-LK			
#52A0BB	IRL	IE-CE			
#FFEC9F	IRL	IE-G			
#2A2247	IRL	IE-G			
#4D6467	IRL	IE-MO			
#E43637	IRL	IE-SO			
#C2E5A7	GBR	GB-LMV			
#28DF9C	GBR	GB-CLR			
#87DAD7	GBR	GB-MYL			
#7F21BB	GBR	GB-LRN			
#A6C1CD	GBR	GB-CKF			
#75326C	GBR	GB-NTA			
#685798	GBR	GB-BFS			
#513666	GBR	GB-NDN			
#1036B9	GBR	GB-ARD			
#1722BB	GBR	GB-DOW			
#5B473C	IRL	IE-MH			
#9D14B4	IRL	IE-D			
#AC5264	UKR	UA-23			
#76EA77	UKR	UA-40			
#E2F999	UKR	UA-48			
#821F21	BGR	BG-03			
#4D6257	TUR	TR-34			
#6B4B59	TUR	TR-59			
#26862B	TUR	TR-17			
#8A2070	GBR	GB-CLK			
#C962B1	GBR	GB-STG			
#F18A21	GBR	GB-FAL			
#4BFE88	GBR	GB-WLN			
#8E15E5	GBR	GB-EDH			
#C6D222	GBR	GB-MLN			
#70CAE2	GBR	GB-ELN			
#9D2FDB	GBR	GB-NTY			
#D5D016	GBR	GB-STY			
#0D4768	GBR	GB-SND			
#4D7E8D	GBR	GB-DUR			
#92D469	GBR	GB-HPL			
#1052D0	GBR	GB-RCC			
#EB99B3	GBR	GB-NYK			
#30F7EA	GBR	GB-ERY			
#D52B4E	GBR	GB-KHL			
#469BB3	GBR	GB-NLN			
#196A62	GBR	GB-NEL			
#66E460	GBR	GB-LIN			
#C8A4AF	GBR	GB-NFK			
#0C744F	GBR	GB-SFK			
#BF42B4	GBR	GB-ESS			
#803E16	GBR	GB-SOS			
#50CC3E	GBR	GB-THR			
#44AFF9	GBR	GB-KEN			
#8F9B81	GBR	GB-MDW			
#5CD836	GBR	GB-ESX			
#FCC1F9	GBR	GB-BNH			
#64CE86	GBR	GB-WSX			
#42289B	GBR	GB-HAM			
#5D3074	GBR	GB-POR			
#AEDBEF	GBR	GB-STH			
#3888A8	GBR	GB-DOR			
#A4311E	GBR	GB-BMH			
#D8D283	GBR	GB-POL			
#53CBC5	GBR	GB-DEV			
#7A91E9	GBR	GB-TOB			
#CFAE6A	GBR	GB-PLY			
#E0BE0A	GBR	GB-CON			
#531B62	GBR	GB-SOM			
#4A15CF	GBR	GB-NSM			
#71FD6A	GBR	GB-BST			
#C9B23E	GBR	GB-SGC			
#E9E67D	GBR	GB-NWP			
#9966C8	GBR	GB-CRF			
#43B0C3	GBR	GB-VGL			
#3E942A	GBR	GB-BGE			
#BE5CED	GBR	GB-NTL			
#F96375	GBR	GB-SWA			
#CEFEF3	GBR	GB-CMN			
#34FE0D	GBR	GB-PEM			
#D29F54	GBR	GB-CGN			
#6E730A	GBR	GB-GWN			
#85D3DF	GBR	GB-CWY			
#CFCC21	GBR	GB-DEN			
#18E71B	GBR	GB-WRL			
#1DBF2E	GBR	GB-HAL			
#D0B1DC	GBR	GB-KWL			
#4327C8	GBR	GB-LIV			
#E7A349	GBR	GB-SFT			
#7C7FF7	GBR	GB-LAN			
#4A0D58	GBR	GB-BPL			
#168018	GBR	GB-SAY			
#39B339	GBR	GB-NAY			
#462E87	GBR	GB-IVC			
#5D79B6	GBR	GB-RFW			
#D0E33E	GBR	GB-WDU			
#27D215	GBR	GB-AGB			
#D173AC	GBR	GB-HLD			
#AEA30D	GBR	GB-MRY			
#CD9B20	GBR	GB-ABD			
#C5307E	GBR	GB-ABE			
#5AD85F	GBR	GB-ANS			
#EECE1D	GBR	GB-DND			
#454BD6	GBR	GB-PKN			
#4375D2	GBR	GB-FIF			
#EF722B	RUS	RU-CHU			
#AC9A44	ISL	IS-7			
#F4BA76	ISL	IS-8			
#1D7422	ISL	IS-2			
#AD0FB9	ISL	IS-0			
#42B02D	ISL	IS-1			
#1C634C	ISL	IS-3			
#3127E4	ISL	IS-4			
#B8D862	ISL	IS-5			
#F4353E	ISL	IS-6			
#EAD4B2	RUS	RU-YAN			
#B32C5E	RUS	RU-NEN			
#D2C516	CAN	CA-NT			
#40886C	RUS	RU-SA			
#85A0FA	LVA	LV-066			
#68C1D0	LVA	LV-LPX			
#62CD3E	LVA	LV-032			
#B9A083	LVA	LV-071			
#7D6A58	LVA	LV-VEN			
#5FBB98	LVA	LV-VEN			
#D77E14	LVA	LV-027			
#4CBB23	LVA	LV-079			
#9CC27B	LVA	LV-097			
#992BCF	LVA	LV-063			
#2018E4	LVA	LV-029			
#D73361	LVA	LV-JUR			
#FF4297	LVA	LV-RIX			
#7F3DF8	LVA	LV-020			
#9CDBA9	LVA	LV-089			
#1CA933	LVA	LV-054			
#DA2A8C	EST	EE-57			
#78CF1D	EST	EE-37			
#E766BB	EST	EE-59			
#8A55DD	RUS	RU-SPE			
#BD2024	FIN	FI-18			
#BAE872	FIN	FI-19			
#55547C	FIN	FI-17			
#761E59	FIN	FI-12			
#918143	FIN	FI-07			
#A346DA	SWE	SE-Y			
#0A7E29	SWE	SE-X			
#55DC43	SWE	SE-C			
#D3A713	SWE	SE-AB			
#BA3E6D	SWE	SE-D			
#CB4F38	SWE	SE-E			
#CEC5F5	SWE	SE-H			
#0E6995	SWE	SE-K			
#C42C70	SWE	SE-M			
#A679A9	SWE	SE-N			
#BA697D	NOR	NO-03			
#0D267E	NOR	NO-06			
#57AF56	NOR	NO-07			
#C0B34C	NOR	NO-08			
#34F0D8	NOR	NO-09			
#7DA2B4	NOR	NO-10			
#A8C3D3	NOR	NO-11			
#39EA16	NOR	NO-12			
#80FD9F	NOR	NO-14			
#3F9289	NOR	NO-15			
#4ADB66	TUR	TR-53			
#E33DFD	TUR	TR-61			
#D89C45	TUR	TR-28			
#C8AF21	TUR	TR-52			
#38A5E5	TUR	TR-55			
#CE18A3	TUR	TR-57			
#94DF83	TUR	TR-37			
#4B42C9	TUR	TR-74			
#A2DFDE	TUR	TR-67			
#DE42F8	TUR	TR-81			
#AFC4B1	TUR	TR-54			
#F72FBC	TUR	TR-41			
#FBCA22	TUR	TR-77			
#0E5BB3	TUR	TR-16			
#BE4FAA	TUR	TR-10			
#96D6D5	TUR	TR-35			
#E59CF9	TUR	TR-09			
#AD6F81	TUR	TR-48			
#764966	TUR	TR-07			
#C01479	TUR	TR-33			
#1B2937	TUR	TR-01			
#FFD2C8	LBN	LB-JL			
#777BD6	LBN	LB-BA			
#71B31B	RUS	RU-ARK			
#A3BB8C	RUS	RU-KYA			
#BA1466	GRC	GR-69			
#1B593C	GRC	GR-E			
#8E9ADE	GRC	GR-H			
#38541E	GRC	GR-A1			
#73E5E0	GRC	GR-J			
#CDCF6F	GRC	GR-G			
#66F925	ALB	AL-04			
#BB5159	ALB	AL-11			
#3CC643	ALB	AL-02			
#D2461F	ALB	AL-08			
#0DC43B	MNE	ME-05			
#7DD77E	MNE	ME-19			
#7E48CA	HRV	HR-15			
#8310F0	HRV	HR-09			
#F2DDB8	SVN	SI-040			
#9CCCED	ITA	IT-VE			
#135D73	ITA	IT-PD			
#366AC0	ITA	IT-RO			
#F23F34	ITA	IT-FE			
#9ECA20	ITA	IT-RA			
#26AAC1	ITA	IT-FC			
#675281	ITA	IT-AN			
#216611	ITA	IT-MC			
#F5EB5A	ITA	IT-FM			
#259866	ITA	IT-AP			
#F27983	ITA	IT-TE			
#569091	ITA	IT-PE			
#463E1F	ITA	IT-CH			
#400D3B	ITA	IT-CB			
#C6966C	ITA	IT-FG			
#348822	ITA	IT-BT			
#286764	ITA	IT-BA			
#AF877A	ITA	IT-BR			
#58FA0F	ITA	IT-LE			
#4B40E2	ITA	IT-TA			
#AA5015	ITA	IT-MT			
#8BB14E	ITA	IT-CS			
#358868	ITA	IT-KR			
#C436E8	ITA	IT-CZ			
#256686	ITA	IT-RC			
#87DEFA	ITA	IT-VV			
#8F13DC	ITA	IT-PZ			
#3A86CF	ITA	IT-SA			
#53EFDF	ITA	IT-NA			
#B4A270	ITA	IT-CE			
#579244	ITA	IT-LT			
#58D4D8	ITA	IT-RM			
#7884D4	ITA	IT-VT			
#EDCB54	ITA	IT-GR			
#7B6D3B	ITA	IT-LI			
#80E3BF	ITA	IT-PI			
#DB5E21	ITA	IT-LU			
#AF9634	ITA	IT-MS			
#8D7053	ITA	IT-SP			
#9094C1	ITA	IT-GE			
#74ECDA	ITA	IT-SV			
#9F2442	FRA	FR-83			
#ECF514	FRA	FR-13			
#DD26F0	FRA	FR-30			
#671353	FRA	FR-34			
#56D80F	FRA	FR-11			
#AF55E7	ESP	ES-B			
#B21B14	ESP	ES-T			
#437E50	ESP	ES-CS			
#ACFEB4	ESP	ES-V			
#6FEFD6	ESP	ES-A			
#F1EB47	ESP	ES-MU			
#1D580B	ESP	ES-AL			
#B29586	ESP	ES-GR			
#BA6E80	ESP	ES-MA			
#584490	ESP	ES-SE			
#1E3EA9	PRT	PT-15			
#E8BBC2	PRT	PT-11			
#B66F0E	PRT	PT-14			
#2B6063	PRT	PT-10			
#ECFD3F	PRT	PT-06			
#CE2BDF	PRT	PT-01			
#92A8D3	PRT	PT-13			
#1A8C78	ESP	ES-C			
#67A1CE	ESP	ES-LU			
#C31F5D	ESP	ES-O			
#815CEB	ESP	ES-S			
#5F3317	ESP	ES-BI			
#B960D6	FRA	FR-40			
#B60D78	FRA	FR-33			
#611DAB	FRA	FR-17			
#D2CAED	FRA	FR-85			
#75C73E	FRA	FR-44			
#EFF1D1	FRA	FR-56			
#1AB1C0	FRA	FR-29			
#3EF551	FRA	FR-22			
#7EFCAD	FRA	FR-35			
#FB8662	FRA	FR-50			
#6E7CD5	FRA	FR-14			
#CC4050	FRA	FR-27			
#DF50FB	FRA	FR-76			
#42CE0C	FRA	FR-80			
#43FEFF	FRA	FR-62			
#197F36	NLD	NL-ZH			
#725319	NLD	NL-NH			
#CBE197	NLD	NL-FR			
#B55B49	DEU	DE-HB			
#45B913	DEU	DE-HH			
#19C6C5	DNK	DK-82			
#D2257C	DNK	DK-81			
#23B960	GRL	GL-SM			
#675F82	GRL	GL-UO			
#4E8BE3	GRL	GL-QA			
#64BB39	GRL	GL-UO			
#549BAF	GRL	GL-QE			
#AF8A8C	GRL	GL-KU			
#86E51F	ATA	AQ-X02~			
#E41559	PCN	PN-X01~			
#6F74FD	PYF	PF-X03~			
#95D653	PYF	PF-X01~			
#3952FD	ATF	TF-X03~			
#8B84CC	PYF	PF-X02~			
#BDE42E	SYC	SC-X02~			
#7CE75E	SYC	SC-15			
#9BD870	KIR	KI-X01~			
#52F249	MHL	MH-L			
#B6CA28	MHL	MH-T			
#59C826	IND	IN-LD			
#1AA91E	VEN	VE-O			
#EDA112	TTO	TT-TUP			
#3989DC	TTO	TT-SJL			
#19F3F4	TTO	TT-DMN			
#98EE71	TTO	TT-POS			
#A08186	TTO	TT-CHA			
#DD9EE5	TTO	TT-CTT			
#434E57	TTO	TT-SFO			
#37F910	TTO	TT-PED			
#6188F0	TTO	TT-SIP			
#F41F6D	TTO	TT-PTF			
#0C383A	TTO	TT-PRT			
#F1D69B	TTO	TT-RCM			
#4AD425	TTO	TT-SGE			
#946AB8	VEN	VE-W			
#0E541B	TTO	TT-ETO			
#1F76E4	TTO	TT-WTO			
#64A06D	GRD	GD-03			
#F93C49	GRD	GD-02			
#F9E8E7	GRD	GD-01			
#0DA3F1	GRD	GD-06			
#67DB39	GRD	GD-05			
#A478F5	GRD	GD-04			
#E766EB	IND	IN-AN			
#216062	NLD	NL-BQ1			
#0CD5BC	GRD	GD-10			
#B5C51E	COL	CO-SAP			
#46544F	VCT	VC-06			
#EDE19A	BRB	BB-06			
#110A45	BRB	BB-02			
#AD33EB	BRB	BB-09			
#DF2FEA	BRB	BB-07			
#16BDE0	BRB	BB-04			
#883BA1	BRB	BB-08			
#4EE7B1	BRB	BB-01			
#B64A86	BRB	BB-10			
#FCFC3C	BRB	BB-05			
#86BC2F	VCT	VC-02			
#BC9590	VCT	VC-04			
#619065	VCT	VC-01			
#C8AFCF	VCT	VC-03			
#902F5E	VCT	VC-05			
#609DC7	LCA	LC-06			
#F7E05F	LCA	LC-02			
#616DDD	LCA	LC-01			
#B42427	LCA	LC-10			
#8B73C5	LCA	LC-03			
#A32CEF	LCA	LC-07			
#6112E4	LCA	LC-11			
#4B0CB5	LCA	LC-08			
#FB0F4F	LCA	LC-09			
#A3E20B	LCA	LC-05			
#CA7010	LCA	LC-04			
#61FC60	FRA	FR-MQ			
#D326DF	DMA	DM-09			
#CF9D91	DMA	DM-03			
#EC994F	DMA	DM-02			
#A7813D	DMA	DM-05			
#934D81	DMA	DM-11			
#F72E16	DMA	DM-06			
#18E2EB	DMA	DM-10			
#8487B3	DMA	DM-04			
#F04C19	DMA	DM-07			
#422CDC	DMA	DM-08			
#B3F3FE	FRA	FR-GP			
#3AC86A	HND	HN-IB			
#889523	UMI	UM-67			
#866C26	MSR	MS-P			
#A83B7B	MSR	MS-A			
#D00C3E	MSR	MS-G			
#FDDBDA	ATG	AG-06			
#1E3357	ATG	AG-08			
#889188	ATG	AG-07			
#39C789	ATG	AG-03			
#3BB546	ATG	AG-04			
#A5500E	ATG	AG-05			
#806236	KNA	KN-10			
#56CE73	KNA	KN-07			
#495AF4	KNA	KN-04			
#BCEC4A	KNA	KN-05			
#E65AC9	KNA	KN-12			
#50CE5B	KNA	KN-09			
#DF3920	KNA	KN-02			
#8D91E9	KNA	KN-13			
#7B721F	KNA	KN-14			
#0A7EF6	KNA	KN-03			
#7A4FD7	KNA	KN-11			
#85659B	KNA	KN-08			
#72F82E	KNA	KN-01			
#EDED9B	KNA	KN-06			
#BA26C5	NLD	NL-BQ3			
#F5D585	ATG	AG-10			
#488C22	VIR	VI-X01~			
#D51BAD	BLM	BL-X00~			
#E9C8C2	PRI	US-PR			
#8D239A	DOM	DO-11			
#FE1D60	AIA	AI-X02~			
#8C4D8B	AIA	AI-X10~			
#F1FD36	AIA	AI-X06~			
#31D7EC	AIA	AI-X13~			
#5C5FDA	AIA	AI-X05~			
#E78427	AIA	AI-X07~			
#8458ED	AIA	AI-X09~			
#9143D0	AIA	AI-X14~			
#804484	AIA	AI-X01~			
#3540BA	AIA	AI-X11~			
#2EB3D0	AIA	AI-X08~			
#403CCE	AIA	AI-X04~			
#FC1F85	VIR	VI-X03~			
#81D82D	VIR	VI-X02~			
#6974CD	VGB	VG-X01~			
#F49714	JAM	JM-06			
#229134	JAM	JM-07			
#6ACC11	JAM	JM-08			
#FE657C	JAM	JM-09			
#47B2AA	JAM	JM-10			
#B8164D	JAM	JM-11			
#2A3EF6	JAM	JM-12			
#E66BD6	JAM	JM-13			
#30F0C0	JAM	JM-14			
#8EF481	JAM	JM-02			
#CDA9E3	JAM	JM-01			
#FFD458	JAM	JM-03			
#1930AF	JAM	JM-04			
#B851C2	JAM	JM-05			
#2DD3C0	CYM	KY-X01~			
#FD2B30	DOM	DO-08			
#8466B3	DOM	DO-30			
#D2F8D8	DOM	DO-20			
#6A59D8	DOM	DO-14			
#617DD4	DOM	DO-09			
#E52EAF	DOM	DO-18			
#B040A5	HTI	HT-ND			
#D80E17	HTI	HT-AR			
#68919C	HTI	HT-NI			
#B23178	DOM	DO-04			
#A65231	DOM	DO-02			
#5B9E1D	DOM	DO-17			
#F2C6EF	DOM	DO-21			
#93D9A8	DOM	DO-32			
#3BE722	DOM	DO-01			
#E86AB9	DOM	DO-23			
#EDE9B6	DOM	DO-12			
#8446BB	CUB	CU-09			
#2291B9	CUB	CU-08			
#AFABE3	CUB	CU-11			
#EF84F2	TCA	TC-X05~			
#809F32	CUB	CU-99			
#5D4839	BHS	BS-CK			
#C66368	CUB	CU-07			
#5A7C82	CUB	CU-05			
#A09AB2	CUB	CU-04			
#8DCBF9	BHS	BS-EX			
#8F1F83	BHS	BS-LI			
#9A4B59	BHS	BS-RC			
#B33BEB	BHS	BS-BP			
#B6BF89	BHS	BS-SS			
#667478	BHS	BS-CS			
#8A4FD8	BHS	BS-MC			
#469E51	BHS	BS-SA			
#316CE4	BHS	BS-CI			
#A07C8B	BHS	BS-X01~			
#933A2D	BHS	BS-NS			
#C081C7	BHS	BS-CE			
#7120F9	BHS	BS-NE			
#C5904F	BHS	BS-SE			
#B3BAA9	BHS	BS-BY			
#CEED25	BHS	BS-MI			
#F04FF1	BHS	BS-FP			
#79BC8C	BHS	BS-WG			
#BA5EFC	BHS	BS-EG			
#795939	BHS	BS-CO			
#88623F	BHS	BS-SO			
#544695	BHS	BS-NO			
#8610E7	BMU	BM-HAM			
#544726	BMU	BM-SMI			
#C36D6A	BMU	BM-DEV			
#A4D41A	BMU	BM-PEM			
#2D5FFC	BMU	BM-HA			
#7327DE	BMU	BM-PAG			
#BEA94D	BMU	BM-WAR			
#8A13C8	BMU	BM-SOU			
#2D0D96	BMU	BM-SAN			
#AE2FBE	BMU	BM-SGE			
#8E743C	RUS	RU-KL			
#FB8F30	AZE	AZ-SBN			
#9EAAAD	AZE	AZ-SIY			
#2B82DA	AZE	AZ-XIZ			
#1C8275	AZE	AZ-SM			
#FB551F	AZE	AZ-BA			
#497A4A	AZE	AZ-SAL			
#65AA57	AZE	AZ-NEF			
#9D8BC5	AZE	AZ-LA			
#CB531F	AZE	AZ-MAS			
#3345A9	AZE	AZ-LA			
#E98CDC	IRN	IR-21			
#12F0ED	HMD	HM-X01~			
#592FA4	ATF	TF-X01~			
#E55242	ATF	TF-X02~			
#9B7A76	SHN	SH-TA			
#8BEBF1	FRA	FR-RE			
#B6B390	MUS	MU-RR			
#91CC4A	MUS	MU-PA			
#FA3357	MUS	MU-PL			
#75E5A7	MUS	MU-BL			
#53E0D0	MUS	MU-SA			
#D5E9DB	MUS	MU-GP			
#9749D0	MUS	MU-FL			
#145D80	SHN	SH-HL			
#5EE5E0	FRA	FR-YT			
#169EED	COM	KM-M			
#71FE61	COM	KM-A			
#317285	COM	KM-G			
#3F6AF8	MUS	MU-AG			
#4B6842	SHN	SH-AC			
#3214F3	TZA	TZ-11			
#3CA641	TZA	TZ-07			
#D39DAF	TZA	TZ-15			
#208E4C	TZA	TZ-10			
#F0B25A	TZA	TZ-06			
#7BB7F8	SYC	SC-13			
#79ECE6	SYC	SC-02			
#FB3A47	SYC	SC-06			
#BCC89E	SYC	SC-23			
#39CAB4	SYC	SC-05			
#EE3B28	SYC	SC-04			
#B73A63	SYC	SC-01			
#5D20E4	SYC	SC-20			
#3B37AF	SYC	SC-11			
#50E96F	SYC	SC-25			
#30FC68	SYC	SC-19			
#10793F	SYC	SC-18			
#E6BCD6	SYC	SC-09			
#A7C062	SYC	SC-16			
#51A8F5	SYC	SC-03			
#3B6A14	SYC	SC-12			
#EC5973	SYC	SC-08			
#16E8B6	SYC	SC-10			
#C092B6	SYC	SC-21			
#8CDFAB	SYC	SC-07			
#B73959	SYC	SC-14			
#D66B1B	GNQ	GQ-AN			
#937AE7	STP	ST-S			
#B9BD9B	STP	ST-P			
#C0F07F	GNQ	GQ-BN			
#9CC2B1	GNQ	GQ-BS			
#9BF85B	CPV	CV-BR			
#731D3D	CPV	CV-CF			
#15D776	CPV	CV-MO			
#618C7A	CPV	CV-SF			
#95E3C7	CPV	CV-TA			
#AB1149	CPV	CV-CA			
#D1FFA2	CPV	CV-RS			
#6AC970	CPV	CV-PR			
#BD4BE5	CPV	CV-SD			
#6CB125	CPV	CV-CR			
#E757C6	CPV	CV-SM			
#2B6976	CPV	CV-MA			
#5B8488	CPV	CV-BV			
#0CEB76	CPV	CV-RB			
#E53395	CPV	CV-TS			
#6A774C	CPV	CV-SL			
#13EE76	CPV	CV-SV			
#83F968	CPV	CV-RG			
#A8D912	CPV	CV-PN			
#C6DE5F	CPV	CV-PA			
#42AC37	ESP	ES-TF			
#B597A7	ESP	ES-GC			
#7DF83E	PRT	PT-30			
#B9DB5F	GRC	GR-M			
#89F18A	GRC	GR-L			
#FBAE1F	CYP	CY-05			
#477144	MLT	MT-21			
#622E45	MLT	MT-60			
#5D6DFF	MLT	MT-56			
#70930E	MLT	MT-48			
#44EFBB	MLT	MT-40			
#5C8AF9	MLT	MT-38			
#E3F2C1	MLT	MT-51			
#A5EEFD	MLT	MT-30			
#F24BB3	MLT	MT-31			
#1948E9	MLT	MT-46			
#5B7435	MLT	MT-07			
#8347BC	MLT	MT-55			
#C2D9EB	MLT	MT-44			
#D4CBC4	MLT	MT-68			
#FF5D3A	MLT	MT-05			
#23B13E	MLT	MT-28			
#EC0C16	MLT	MT-27			
#EBFE61	MLT	MT-64			
#7219BB	MLT	MT-63			
#D6E35E	MLT	MT-50			
#8ECC86	MLT	MT-22			
#0ABA97	MLT	MT-36			
#793A9D	MLT	MT-52			
#CD13FF	MLT	MT-13			
#3EA97E	MLT	MT-42			
#6B8959	MLT	MT-37			
#61E47C	MLT	MT-61			
#48F2F5	MLT	MT-65			
#752A33	MLT	MT-16			
#0EF6E1	MLT	MT-14			
#DB10B4	ITA	IT-TP			
#73D174	PRT	PT-20			
#9ED30E	GRC	GR-K			
#FA3A52	GRC	GR-F			
#5E2A4C	ITA	IT-ME			
#664D72	ITA	IT-PA			
#2ECD8F	ITA	IT-AG			
#5C8FF4	ITA	IT-CL			
#B736C9	ITA	IT-RG			
#13224B	ITA	IT-SR			
#C77170	ITA	IT-CT			
#A286AA	ESP	ES-PM			
#EA6A8B	ITA	IT-CI			
#D8BF39	ITA	IT-SS			
#FEC9DC	ITA	IT-NU			
#12F5D5	ITA	IT-OT			
#68A83B	ITA	IT-OR			
#FCD496	ITA	IT-VS			
#64F3E3	ITA	IT-CA			
#13F9EE	ITA	IT-OG			
#1C8B9F	FRA	FR-2B			
#87313E	FRA	FR-2A			
#4E5F2B	JEY	JE-X01~			
#13D3AA	GGY	GG-X01~			
#F0113E	GBR	GB-IOW			
#273FC4	GBR	GB-AGY			
#BC85D3	IMN	IM-X01~			
#1FAB64	DNK	DK-85			
#13DB23	DNK	DK-84			
#1B3F63	GBR	GB-ELS			
#64C6A0	SWE	SE-I			
#49E540	GBR	GB-ORK			
#76A035	GBR	GB-ZET			
#543150	ALD	AX-X11~			
#2DAFF4	ALD	AX-X04~			
#82F88C	ALD	AX-X12~			
#48A88D	ALD	AX-X14~			
#21C7B0	ALD	AX-X02~			
#7D8195	ALD	AX-X09~			
#FB86C9	FRO	FO-X00~			
#6C295A	AUS	AU-TAS			
#6A3548	IOA	-99-X15~			
#906670	IDN	ID-BA			
#F3F333	IOT	IO-X01~			
#A09988	SGP	SG-05			
#9C9840	SGP	SG-01			
#1EE491	SGP	SG-04			
#D47DEF	SGP	SG-02			
#20BB9F	SGP	SG-03			
#10447F	MYS	MY-15			
#D26646	THA	TH-83			
#3BB4BB	USA	US-HI			
#97E962	JPN	JP-47			
#D164EB	TWN	TW-KIN			
#12F3D8	KOR	KR-49			
#BB1FB3	RUS	RU-KAM			
#7E31C5	EST	EE-74			
#4BE8F7	EST	EE-39			
#43EDA0	ALD	AX-X16~			
#A8490B	ALD	AX-X06~			
#0EA948	ALD	AX-X13~			
#B8512A	NOR	NO-21			
#0B600A	AUS	AU-X03~			
#6C64B2	NZL	NZ-X05~			
#F1B6D4	NZL	NZ-X04~			
#1299F6	NZL	NZ-CIT			
#F87527	AUS	AU-NSW			
#776712	NZL	NZ-X01~			
#734287	NFK	NF-X01~			
#666AD3	PYF	PF-X04~			
#431926	COK	CK-X03~			
#8E67A0	COK	CK-X05~			
#32C75C	FJI	FJ-E			
#599CF4	TON	TO-05			
#948021	WLF	WF-SG			
#587A31	WLF	WF-AL			
#A46E77	WSM	WS-GE			
#2A7CB1	WSM	WS-GI			
#27D46D	WSM	WS-VS			
#E74B9F	WSM	WS-SA			
#4EA8DF	WSM	WS-PA			
#F4B3B6	WSM	WS-FA			
#51B55E	SLB	SB-RB			
#E80DA7	PYF	PF-X05~			
#C1AD4C	SLB	SB-MK			
#9FFE30	SLB	SB-TE			
#E19494	SLB	SB-ML			
#A36E59	SLB	SB-CT			
#1747E5	SLB	SB-GU			
#38F523	SLB	SB-CE			
#5D1451	COK	CK-X11~			
#34B6E4	SLB	SB-CH			
#13ABCA	TUV	TV-X01~			
#324DBA	SLB	SB-IS			
#ADCD40	TLS	TL-AN			
#265B6B	TLS	TL-MF			
#AF9F5D	TLS	TL-MT			
#432EDB	TLS	TL-VI			
#F16811	TLS	TL-LA			
#500AF6	TLS	TL-BA			
#A66121	TLS	TL-DI			
#404880	TLS	TL-LI			
#5D3F4A	KIR	KI-X02~			
#23D60B	PNG	PG-NSB			
#79189D	PNG	PG-WBK			
#7DE04A	PNG	PG-EBR			
#84FCD9	PNG	PG-NIK			
#2733E8	IDN	ID-BB			
#8B8983	PNG	PG-MRL			
#342CFE	MDV	MV-01			
#F4A69C	MDV	MV-29			
#C9B80B	MDV	MV-28			
#BA9B61	MDV	MV-27			
#7B5AFD	MDV	MV-00			
#667C9A	MDV	MV-26			
#37E634	MDV	MV-02			
#BE3233	MDV	MV-20			
#0B62C8	MDV	MV-03			
#3A76A7	PHL	PH-TAW			
#A23D74	FSM	FM-KSA			
#EA3FE6	MDV	MV-13			
#C9B55E	MDV	MV-24			
#A937C1	PHL	PH-BAS			
#C4E4A4	FSM	FM-PNI			
#CAC4E4	FSM	FM-TRK			
#9BE6EB	PHL	PH-CAM			
#F39E80	PHL	PH-SIG			
#322A39	PHL	PH-BOH			
#E66E69	PHL	PH-GUI			
#FA81BA	PHL	PH-BCD			
#5136DA	PHL	PH-NEC			
#9AB33A	PHL	PH-NER			
#3D2FFA	PHL	PH-CEB			
#E72513	PHL	PH-MDE			
#A3CD6C	PHL	PH-CEB			
#63C5B5	PHL	PH-PLW			
#CEE610	PHL	PH-LEY			
#F05831	PHL	PH-LEY			
#2D0EE9	PHL	PH-AKL			
#C96F77	PHL	PH-ANT			
#6E7EA7	PHL	PH-ILI			
#C455C7	PHL	PH-ILI			
#2AD1AC	PHL	PH-CAP			
#B16D0E	PHL	PH-ROM			
#BFBF8F	PHL	PH-NSA			
#9010B0	PHL	PH-MAS			
#4499EA	PHL	PH-MDR			
#22F582	PHL	PH-MDC			
#BF30EE	PHL	PH-MAD			
#37F1E7	PHL	PH-CAT			
#75C11B	PHL	PH-BTN			
#728890	SGS	GS-X01~			
#0DAE45	NOR	NO-X01~			
#D1D8EB	FLK	FK-X01~			
#9664C3	ATF	TF-X1~			
#2F204E	NCL	NC-X02~			
#BBCF3D	NCL	NC-X01~			
#C4D39B	TON	TO-01			
#0E12B8	COK	CK-X04~			
#4AFFB3	TON	TO-04			
#A44E14	VUT	VU-TAE			
#6B89C3	TON	TO-02			
#66DAB2	MUS	MU-RO			
#B84792	NIU	NU-X01~			
#2B631F	FJI	FJ-W			
#31C374	FJI	FJ-C			
#6043B6	VUT	VU-SEE			
#1A4174	FJI	FJ-N			
#FE0E9B	VUT	VU-MAP			
#2CB6A0	VUT	VU-SAM			
#F60E7A	TON	TO-03			
#FDF263	VUT	VU-PAM			
#F1A98A	ASM	AS-X05~			
#B156FC	ASM	AS-X01~			
#10B27A	ASM	AS-X02~			
#36277B	VUT	VU-TOB			
#D37842	WSM	WS-AT			
#AD1DA1	WSM	WS-VF			
#B5D7BC	WSM	WS-TU			
#A89583	WSM	WS-AA			
#3D5C74	WSM	WS-AL			
#C7A19E	WLF	WF-UV			
#1448F2	FJI	FJ-R			
#D291E5	SLB	SB-CH			
#5F6650	PLW	PW-350			
#9CA54B	PLW	PW-150			
#A6E7DA	PLW	PW-227			
#701EB6	PLW	PW-224			
#D85A37	PLW	PW-002			
#59BD7C	PLW	PW-004			
#CA8673	PLW	PW-226			
#F69CA4	PLW	PW-212			
#D8975B	PLW	PW-228			
#C43631	PLW	PW-214			
#4C5C2F	PLW	PW-218			
#47A9FA	PLW	PW-222			
#FE7747	FSM	FM-YAP			
#F4D380	GUM	GU-X01~			
#470AC3	MNP	MP-X01~			
#D513BE	MNP	MP-X02~			
#B46340	MNP	MP-X03~			
#921015	CHN	CN-X01~			
#465AD8	MNP	MP-X04~			
#23F30A	CUB	CU-10			
#53BC3D	CUB	CU-16			
#4ADA3F	CUB	CU-03			
#42E1AB	CUB	CU-15			
#529D16	CUB	CU-01			
#FBB68D	CUB	CU-06			
#787F15	CUB	CU-12			
#15D933	CUB	CU-13			
#8EE8DF	TWN	TW-PEN			
#789EDE	BHR	BH-13			
#641269	BHR	BH-17			
#80DA75	BHR	BH-14			
#CBE98F	BHR	BH-16			
#B688A2	CAN	CA-PE			
#882BBC	CSI	-99-X03~			
#4DACED	COK	CK-X06~			
#AAC55E	COK	CK-X01~			
#BDBF8B	COK	CK-X02~			
#526327	ASM	AS-X03~			
#67D478	ASM	AS-X04~			
#C59E3B	COK	CK-X08~			
#AF7DDB	IOA	-99-X14~			
#A9176F	COK	CK-X10~			
#18455C	COK	CK-X09~			
#CB8158	NZL	TK-X01~			
#B462FE	UMI	UM-86			
#767751	UMI	UM-81			
#FA2C48	UMI	UM-84			
#9CD5D8	MDV	MV-05			
#F75C9F	MDV	MV-08			
#37F3DE	MDV	MV-17			
#43FC51	MDV	MV-12			
#8C93F9	PLW	PW-050			
#AF2D55	MDV	MV-14			
#879FFD	MDV	MV-04			
#D7DE31	COL	CO-X01~			
#816548	MDV	MV-12			
#CA2C37	PLW	PW-370			
#C1969D	MDV	MV-25			
#6793BD	MDV	MV-23			
#C0B73E	MDV	MV-07			
#8D213D	PLW	PW-010			
#3A363D	PGA	-99-X08~			
#BA7145	VEN	VE-X01~			
#586662	AIA	AI-X00			
#78AA98	UMI	UM-79			
#6D3111	BHS	BS-BI			
#41A3CD	UMI	UM-71			
#611E29	GBR	GB-IOS			
#67CD8A	COK	CK-X07~			
#F8A2C6	CLP	-99-X02~			
#BCEE81	NLD	NL-BQ2			
#38CDDB	UMI	UM-76			
#8CBD6B	TCA	TC-X06~			
#BFCF2B	MAC	MO-M			
#C2AAC3	BHS	BS-RI			
#E19D49	HKG	HK-X18~			
#BE474A	HKG	HK-X04~			
#D5D8D9	HKG	HK-X01~			
#12C989	HKG	HK-X02~			
#E9C115	HKG	HK-X03~			
#658C85	HKG	HK-X13~			
#6DFE9F	MEX	MX-X01~			
#B591C0	HKG	HK-X17~			
#E84CCD	HKG	HK-X11~			
#706CF3	HKG	HK-X10~			
#B29AAB	HKG	HK-X09~			
#CD27B5	HKG	HK-X06~			
#9D3269	HKG	HK-X05~			
#DF2E96	HKG	HK-X07~			
#570F9E	HKG	HK-X12~			
#A2A591	HKG	HK-X14~			
#7397C1	HKG	HK-X15~			
#59B3A1	ALD	AX-X10~			
#BF2869	ALD	AX-X15~			
#D435E2	RUS	RU-X01~			
#63ADBB	NZL	NZ-X07~			
#0E6B12	NZL	NZ-STL			
#274284	NZL	NZ-MBH			
#2E1244	NZL	NZ-NSN			
#4565AC	NZL	NZ-TAS			
#DDD84C	NZL	NZ-WTC			
#D335D4	NZL	NZ-OTA			
#3AA887	NZL	NZ-CAN			
#194974	NZL	NZ-AUK			
#9084D5	NZL	NZ-WKO			
#9489BE	NZL	NZ-X03~			
#2B7349	NZL	NZ-WGN			
#211E4B	NZL	NZ-MWT			
#4F9284	NZL	NZ-TKI			
#EB7BDC	NZL	NZ-NTL			
#0B3798	NZL	NZ-BOP			
#157581	NZL	NZ-GIS			
#6CCB90	NZL	NZ-HKB			
#393D81	ATC	AU-X04~			
#EFE4C4	UMI	UM-95			
#C43E43	PLW	PW-100			
#9746F3	PHL	PH-LAP			
#B536E2	ATG	AG-11			
#11A164	BHS	BS-HI			
#46523A	BHS	BS-SW			
#18F097	BHR	BH-15			
#1CFD9F	ZWE	ZW-MI			
#52306A	ZWE	ZW-HA			
#68ED0B	ZWE	ZW-BU			
#7F90AC	YEM	YE-MA			
#E1A1C8	YEM	YE-SN			
#BBBFC6	YEM	YE-RA			
#F368EF	YEM	YE-BA			
#9BD9F8	YEM	YE-AM			
#5258F9	YEM	YE-DA			
#E07787	YEM	YE-IB			
#4BFBD9	YEM	YE-MW			
#612DA8	YEM	YE-DH			
#84FB36	VNM	VN-14			
#4D8B87	VNM	VN-07			
#5B65FE	VNM	VN-06			
#C08630	VNM	VN-70			
#3FD47B	VNM	VN-68			
#C59A13	VNM	VN-HN			
#D7A16A	VNM	VN-53			
#15F016	VNM	VN-66			
#56E683	VNM	VN-56			
#89A2E9	VNM	VN-54			
#850DBB	VNM	VN-69			
#614987	VNM	VN-61			
#4B14A3	VNM	VN-63			
#3E8CC7	VNM	VN-57			
#6FA492	VNM	VN-35			
#2C88D3	VNM	VN-CT			
#2C4CA7	URY	UY-TA			
#2C422F	URY	UY-DU			
#E380D2	URY	UY-FS			
#CDBB54	URY	UY-FD			
#669B28	URY	UY-LA			
#C83CEF	VEN	VE-J			
#7EA631	VEN	VE-H			
#6E51EC	VEN	VE-A			
#EF95A1	VEN	VE-E			
#F34224	VEN	VE-K			
#B914FD	VEN	VE-P			
#2CE772	UKR	UA-53			
#212B72	UKR	UA-68			
#49E162	UKR	UA-61			
#D961F2	UKR	UA-12			
#6073E3	UKR	UA-71			
#671BB5	UKR	UA-35			
#556C90	TUN	TN-34			
#CE6660	TUN	TN-43			
#C15D35	TUN	TN-41			
#51F463	TUN	TN-22			
#AA912C	CHE	CH-BE			
#5A7EBD	CHE	CH-LU			
#AD2ECC	CHE	CH-ZG			
#77EB19	CHE	CH-UR			
#883E54	CHE	CH-SZ			
#A22B56	CHE	CH-GL			
#4DECAE	CHE	CH-NW			
#1769B3	CHE	CH-FR			
#E6BFBF	CHE	CH-OW			
#8367D0	SVN	SI-089			
#5C3D92	SVN	SI-026			
#F5EC92	SVN	SI-169			
#66E9E3	SVN	SI-160			
#831C14	SVN	SI-058			
#3E1BBF	SVN	SI-181			
#A747A1	SVN	SI-167			
#21A6DE	SVN	SI-177			
#4971F3	SVN	SI-112			
#7A3871	SVN	SI-141			
#ACC412	PNG	PG-CPK			
#F99CC6	PNG	PG-EPW			
#7AEAA0	PNG	PG-WHM			
#736A64	PNG	PG-SHM			
#AD5ECB	PNG	PG-EHG			
#CC9CBD	MDA	MD-CR			
#8A7B49	MDA	MD-ST			
#0BF7F6	MDA	MD-AN			
#D748EF	MDA	MD-OR			
#6FFF0D	MDA	MD-SN			
#E0667E	MDA	MD-CU			
#7A90E7	MDA	MD-TE			
#8AC816	MDA	MD-SD			
#CC767B	MDA	MD-FL			
#536EF0	MDA	MD-RE			
#543A6C	MDA	MD-IA			
#F765B7	TUR	TR-14			
#3BFB5D	TUR	TR-06			
#4B7090	TUR	TR-11			
#E56F55	TUR	TR-26			
#385A8A	TUR	TR-18			
#F388E4	TUR	TR-78			
#7EF06C	IND	IN-JH			
#784676	IND	IN-DL			
#AB5297	IND	IN-CH			
#78C222	IND	IN-MP			
#B6FCD6	USA	US-UT			
#41CA1D	USA	US-WY			
#8D5FD0	USA	US-NV			
#A710B8	USA	US-CO			
#EF8463	USA	US-SD			
#5EE98C	USA	US-NE			
#8D41CD	USA	US-KS			
#F26C74	USA	US-OK			
#C5F8DC	USA	US-IA			
#7CF69D	USA	US-MO			
#C8AFF6	TTO	TT-ARI			
#25B276	THA	TH-40			
#75E4E4	THA	TH-47			
#E0ADFB	THA	TH-72			
#CD87EF	THA	TH-17			
#6183F7	THA	TH-18			
#9FEAC8	THA	TH-15			
#CEBCD8	THA	TH-19			
#A0DBB3	THA	TH-30			
#67C189	THA	TH-26			
#A86CF0	THA	TH-13			
#0B2F9C	THA	TH-61			
#B6C883	THA	TH-46			
#F8230A	THA	TH-45			
#2AA3F5	THA	TH-44			
#3BF7EB	THA	TH-39			
#1BABF0	THA	TH-16			
#E064DF	THA	TH-41			
#371D4C	THA	TH-14			
#F224BD	THA	TH-12			
#874473	THA	TH-73			
#D6501A	THA	TH-62			
#F06E2C	THA	TH-52			
#BFA0B9	THA	TH-64			
#34CB0E	THA	TH-60			
#B815BF	THA	TH-67			
#18175A	THA	TH-66			
#A1DEDF	THA	TH-36			
#FB1BD3	THA	TH-54			
#96BA80	THA	TH-51			
#FACF11	THA	TH-25			
#B35AC1	THA	TH-35			
#D73DBF	TLS	TL-ER			
#B894AA	TLS	TL-AL			
#FF45F9	TWN	TW-NAN			
#75C354	TUR	TR-60			
#4C4490	TUR	TR-58			
#106B4E	TUR	TR-19			
#8A7762	TUR	TR-05			
#F5B992	TZA	TZ-16			
#3947A3	TZA	TZ-03			
#CC564B	TZA	TZ-26			
#5355DF	IRN	IR-12			
#CD8E55	IRN	IR-11			
#B01E8E	IRN	IR-28			
#8C5116	TWN	TW-TPE			
#3B3048	TWN	TW-CYI			
#6DB64B	SYR	SY-HM			
#D5F757	SVN	SI-095			
#F57B61	SVN	SI-117			
#470D81	SVN	SI-012			
#6E806B	SVN	SI-043			
#65479E	SVN	SI-071			
#F8BD1A	SVN	SI-052			
#4BEA17	SVN	SI-122			
#17CCE1	SVN	SI-146			
#EF923A	SVN	SI-004			
#B88394	SVN	SI-082			
#118C71	SVN	SI-102			
#61B7F1	SVN	SI-126			
#1943F2	SVN	SI-062			
#376583	SVN	SI-067			
#F9B645	SVN	SI-068			
#686820	SVN	SI-148			
#0E0ACE	SVN	SI-057			
#A952E6	SVN	SI-154			
#1A8139	SVN	SI-108			
#35F6A0	SVN	SI-138			
#A16720	SVN	SI-164			
#92ABF2	SVN	SI-072			
#BEFFED	SVN	SI-140			
#C52326	SVN	SI-162			
#EBD33E	SVN	SI-153			
#C0F3B8	SVN	SI-186			
#B411A8	SVN	SI-097			
#7DA7EE	SVN	SI-158			
#BF7021	SVN	SI-080			
#B10AB8	SVN	SI-182			
#6BC25A	SVN	SI-008			
#F6A31E	SVN	SI-021			
#B8C04B	SVN	SI-027			
#224448	SVN	SI-064			
#C0B280	SVN	SI-185			
#288FBC	SVN	SI-018			
#634FAC	SVN	SI-098			
#148044	SVN	SI-115			
#439BED	SVN	SI-189			
#130C17	SVN	SI-133			
#122C20	SVN	SI-173			
#A60E6E	SVN	SI-125			
#CA2272	SVN	SI-079			
#5594A3	SVN	SI-137			
#3D7849	SVN	SI-139			
#F590CD	SVN	SI-144			
#571298	SVN	SI-076			
#CCBD6A	SVN	SI-05			
#566CFC	SVN	SI-060			
#ED3ECC	SVN	SI-030			
#9942E9	SVN	SI-013			
#4B8C17	SVN	SI-134			
#0C60C0	SVN	SI-005			
#AC1BD9	SVN	SI-094			
#DE3276	SVN	SI-091			
#D2313C	SVN	SI-155			
#9AF259	SVN	SI-011			
#DD290A	SVN	SI-083			
#918420	SVN	SI-023			
#F0D13C	SVN	SI-039			
#3E2988	SVN	SI-061			
#447C25	SVN	SI-194			
#793BDE	SVN	SI-037			
#C8C92E	SVN	SI-022			
#4D4C54	SVN	SI-174			
#95C79D	SVN	SI-077			
#72C4E0	CHE	CH-AR			
#64E990	CHE	CH-AI			
#BF2538	SWE	SE-U			
#D53E25	SWE	SE-F			
#CE7F80	SWE	SE-T			
#4DB2A2	SWE	SE-G			
#5C12DA	SUR	SR-PR			
#A3EF21	SUR	SR-BR			
#C66DEA	SDN	SD-GZ			
#C52E32	SDN	SD-KH			
#A7DCD7	SDN	SD-KN			
#AA33DD	SDS	SS-LK			
#BAC4F6	SDS	SS-WR			
#8C479B	ESP	ES-Z			
#0F220A	ESP	ES-LO			
#68A128	ESP	ES-VI			
#7840DA	ESP	ES-AB			
#6FB740	ESP	ES-TE			
#A52822	ESP	ES-CU			
#DB7EDC	ESP	ES-TO			
#BFEA58	ESP	ES-LE			
#C4D543	ESP	ES-SO			
#E34CB0	ESP	ES-BU			
#DD2B2D	ESP	ES-AV			
#0F73BC	ZAF	ZA-GT			
#B77DC5	SVN	SI-020			
#73CF17	SVN	SI-099			
#B8F9A6	SVN	SI-127			
#F19F75	SVN	SI-114			
#305F66	SVN	SI-147			
#D9841E	SVN	SI-171			
#C1EE40	SVN	SI-014			
#D93538	SVN	SI-003			
#FC352A	SVN	SI-001			
#22CAB9	SVN	SI-019			
#E5FA11	SVN	SI-036			
#4429BB	SVN	SI-136			
#401057	SVN	SI-150			
#BC76AE	SVN	SI-120			
#E3C72E	SVN	SI-051			
#EE758B	SVN	SI-124			
#5B44EC	SVN	SI-110			
#F4173D	SVN	SI-170			
#9FD6CF	SVN	SI-130			
#5D4FD8	SVN	SI-193			
#75D845	SVN	SI-132			
#7637E0	SVN	SI-100			
#64F699	SVN	SI-116			
#EC7367	SVN	SI-187			
#A50AED	SVN	SI-002			
#B90FCC	SVN	SI-188			
#29FA16	SVN	SI-086			
#6BD6B4	SEN	SN-DB			
#E81475	SAU	SA-01			
#120E5A	SAU	SA-05			
#A6F756	SAU	SA-06			
#38D738	SAU	SA-11			
#5224A5	ROU	RO-CJ			
#0A2817	ROU	RO-BN			
#2D71D1	ROU	RO-SJ			
#A9675F	ROU	RO-DB			
#96708B	ROU	RO-IF			
#457873	ROU	RO-AG			
#3E9576	ROU	RO-GJ			
#56A52C	ROU	RO-HD			
#2110E6	ROU	RO-VL			
#2B5DDC	ROU	RO-PH			
#AFFBFA	ROU	RO-CV			
#1A64C2	ROU	RO-VN			
#24FA84	ROU	RO-BZ			
#4EC5C6	ROU	RO-BV			
#FECD12	ROU	RO-SB			
#91EBB3	ROU	RO-MS			
#28FC57	ROU	RO-HR			
#C141DD	ROU	RO-NT			
#CCD292	ROU	RO-BC			
#42BF1A	ROU	RO-AB			
#20471E	SVN	SI-032			
#679C4D	SVN	SI-123			
#88F26A	SVN	SI-034			
#4E786C	SVN	SI-190			
#BC9539	SVN	SI-129			
#DE8DE7	SVN	SI-151			
#A927F5	SVN	SI-184			
#69481E	SVN	SI-054			
#BAD26C	SVN	SI-159			
#CE3DD1	SVN	SI-096			
#26C88E	SVN	SI-069			
#463555	SVN	SI-113			
#E5EC9F	SVN	SI-168			
#C5DA4A	SVN	SI-045			
#59128A	SVN	SI-024			
#51A050	SVN	SI-166			
#66758A	SVN	SI-042			
#8A4AA7	SVN	SI-109			
#F474D8	SVN	SI-157			
#FAE390	SVN	SI-179			
#DED15F	SVN	SI-104			
#7A866F	SVN	SI-121			
#B8BAE9	SRB	RS-20			
#D136D6	SRB	RS-13			
#32A7DC	SRB	RS-12			
#41AF80	SRB	RS-17			
#BF23DA	SRB	RS-09			
#23B93B	NOR	NO-05			
#B3AA12	MYS	MY-14			
#31B846	MYS	MY-16			
#B72EDA	MWI	MW-DO			
#C0272E	MWI	MW-BA			
#2E4B2F	MWI	MW-CR			
#54DC7E	MWI	MW-BL			
#2A5F93	MWI	MW-NI			
#37CE99	LTU	LT-KU			
#70860F	DOM	DO-27			
#DE7F6F	DOM	DO-26			
#D46A90	DOM	DO-13			
#6B55EF	DOM	DO-19			
#9CD04B	DOM	DO-06			
#D3A1CA	DOM	DO-25			
#BA86FB	DOM	DO-03			
#61AB35	DOM	DO-22			
#A94BD7	AZE	AZ-NX			
#955796	AZE	AZ-SUS			
#39AB28	AZE	AZ-XCI			
#BB0E94	AZE	AZ-X01~			
#22CD38	AZE	AZ-AGM			
#5F4FF9	AZE	AZ-TAR			
#EE677A	AZE	AZ-GOR			
#FB1B77	AZE	AZ-XVD			
#F14CCD	AZE	AZ-HAC			
#C7CD95	AZE	AZ-ABS			
#649FDE	AZE	AZ-GYG			
#D47C54	AZE	AZ-KUR			
#6448C9	AZE	AZ-ZAR			
#6F8254	AZE	AZ-SAB			
#D6F158	AZE	AZ-SR			
#1C6AC8	UGA	UG-205			
#AF6884	UGA	UG-229			
#20FC5E	UGA	UG-226			
#C794E2	UGA	UG-204			
#AFFAF6	UGA	UG-302			
#39B65F	UGA	UG-109			
#FDBDEC	UGA	UG-409			
#82B26F	UGA	UG-112			
#D2E229	UGA	UG-104			
#2A1B19	UGA	UG-314			
#D4C821	UGA	UG-114			
#1CC853	UGA	UG-103			
#76844B	UGA	UG-106			
#CE8D53	UGA	UG-119			
#89A382	UGA	UG-121			
#29A550	UGA	UG-113			
#404225	UGA	UG-115			
#F171DD	UGA	UG-123			
#B43298	UGA	UG-213			
#2F9626	UGA	UG-318			
#CC7528	UGA	UG-415			
#7A57F5	UGA	UG-413			
#DAE0C0	UGA	UG-421			
#89DE82	UGA	UG-111			
#506E57	UGA	UG-407			
#2FD1E1	UGA	UG-107			
#DEC3A2	ROU	RO-BR			
#6AADB6	ROU	RO-IL			
#1D4384	QAT	QA-US			
#1D3A8C	PRT	PT-18			
#8F135E	PHL	PH-AGS			
#6177C6	PHL	PH-BUK			
#5FC5D1	PHL	PH-NCO			
#A25531	PHL	PH-SCO			
#2F3CA1	PER	PE-CUS			
#B480EC	PER	PE-AYA			
#A1BD1A	PER	PE-APU			
#CC9E0B	PER	PE-HUV			
#99D4BC	PER	PE-SAM			
#D09C78	PER	PE-HUC			
#6DED11	PER	PE-PAS			
#60BF51	PER	PE-JUN			
#B83A3B	PRY	PY-2			
#AFA166	PRY	PY-5			
#69C15B	PRY	PY-3			
#92B9F5	PRY	PY-6			
#F56291	PRY	PY-9			
#5F7B91	PRY	PY-4			
#FEA08B	PAK	PK-IS			
#E0C6CA	NIC	NI-MT			
#71997F	NIC	NI-BO			
#CA9E62	NIC	NI-CO			
#3BF1B9	NIC	NI-ES			
#9973D1	NIC	NI-GR			
#95A611	NIC	NI-MS			
#897D47	NLD	NL-FL			
#A30A58	NLD	NL-UT			
#0CD0CA	MAR	MA-05			
#2E5B8A	MAR	MA-12			
#D7D115	MNE	ME-11			
#780C22	MNE	ME-06			
#6356D6	MNE	ME-18			
#4DC722	MNE	ME-09			
#DB8D44	MNE	ME-07			
#66D1B5	MDA	MD-CL			
#AD16A4	MDA	MD-DR			
#DEC713	MDA	MD-SI			
#5E7834	MDA	MD-BA			
#9C4CB9	MDG	MG-T			
#1656F1	MDG	MG-M			
#27F627	MDG	MG-T			
#AB9635	MDG	MG-T			
#A0EF9E	MDG	MG-F			
#473F44	MDG	MG-A			
#2E714D	LVA	LV-094			
#DB1BF0	LVA	LV-015			
#F761D8	LVA	LV-096			
#B1E3E7	LVA	LV-017			
#E0D6E2	LVA	LV-019			
#E215C7	LVA	LV-045			
#E1D6AB	LVA	LV-REZ			
#AEDD69	LVA	LV-104			
#16E0AC	LVA	LV-076			
#F6706A	LVA	LV-075			
#98F43B	LVA	LV-070			
#B7F481	LVA	LV-048			
#6FC276	LVA	LV-033			
#BD2ECC	LVA	LV-082			
#4AEB9A	LVA	LV-039			
#EE75D2	LVA	LV-001			
#251B17	LVA	LV-078			
#369177	LVA	LV-109			
#2AC10E	LVA	LV-012			
#4690EE	LVA	LV-031			
#7F0A2E	LVA	LV-052			
#85F7D2	LVA	LV-062			
#98545F	LVA	LV-068			
#6128C1	LVA	LV-087			
#81F899	LVA	LV-095			
#66EE1B	LVA	LV-090			
#78F837	LVA	LV-061			
#29EB10	LVA	LV-091			
#E71722	LVA	LV-059			
#8E6BE7	LVA	LV-057			
#EDA145	LVA	LV-102			
#735F91	LVA	LV-008			
#189388	LVA	LV-030			
#A1B190	LVA	LV-021			
#2E8ED7	LVA	LV-067			
#600B47	LVA	LV-080			
#2AF8F5	LVA	LV-035			
#F7D5BB	LVA	LV-013			
#27D2BF	LVA	LV-051			
#F58564	LVA	LV-034			
#FF1058	LVA	LV-072			
#0DD998	LVA	LV-046			
#32232D	LVA	LV-002			
#EF2539	LVA	LV-092			
#17EBF2	LVA	LV-053			
#E4C9A6	LVA	LV-038			
#46F44D	LVA	LV-073			
#6B61A0	LVA	LV-056			
#509750	LVA	LV-103			
#1939D6	LVA	LV-JKB			
#819B5B	LVA	LV-049			
#CABDA3	LVA	LV-086			
#7C83F3	LVA	LV-003			
#D27EE7	LVA	LV-050			
#C2E80F	LVA	LV-006			
#4A134B	LVA	LV-093			
#839F53	LVA	LV-043			
#18CEA8	LVA	LV-099			
#F3BA28	LVA	LV-026			
#3C98C1	LVA	LV-040			
#A79733	LVA	LV-018			
#1CBE30	LVA	LV-069			
#66BCF4	KGZ	KG-GB			
#7C4DD3	KWT	KW-FA			
#229ACF	KOS	XK-X17~			
#6EC166	KOS	XK-X22~			
#DAC470	KOS	XK-X08~			
#868F95	KOS	XK-X11~			
#A5B521	KOS	XK-X04~			
#313A7E	KOS	XK-X14~			
#AA6F2D	KEN	KE-110			
#27B6F4	KEN	KE-200			
#9EB088	JOR	JO-AJ			
#6E83C3	JOR	JO-JA			
#F091F9	JPN	JP-10			
#6AA8B3	JPN	JP-20			
#BAEBB6	JPN	JP-09			
#B43A8F	JPN	JP-21			
#BD5BEE	JPN	JP-25			
#21DD2A	JPN	JP-11			
#47FB26	JPN	JP-19			
#8A9D12	JPN	JP-29			
#77BD1D	CIV	CI-02			
#D3C143	CIV	CI-16			
#0D9020	CIV	CI-11			
#6EAB67	CIV	CI-12			
#EE1BF9	CIV	CI-18			
#376A6F	CIV	CI-04			
#DE5EAA	CIV	CI-07			
#27158E	CIV	CI-14			
#2E3A3E	IRL	IE-KE			
#FB993E	IRL	IE-CW			
#2FDD95	IRL	IE-LS			
#370C81	IRL	IE-D			
#F5D1C7	IRL	IE-OY			
#BE4796	IRL	IE-WH			
#F8BC96	IRL	IE-LD			
#E1F83E	IRL	IE-RN			
#F2E25C	IRL	IE-TA			
#2EC569	IRL	IE-TA			
#993EAD	IRL	IE-WD			
#A980DD	IRL	IE-LK			
#A626AF	HND	HN-CM			
#E7D8BE	HND	HN-YO			
#57DA24	HND	HN-FM			
#BCCA63	GIN	GN-KS			
#0B4B0A	GIN	GN-KE			
#728D0F	GIN	GN-TE			
#5C7C56	GIN	GN-LE			
#EEE8D1	GIN	GN-DL			
#851D89	GIN	GN-LA			
#FC0EEF	GIN	GN-PI			
#C038B8	GIN	GN-KO			
#405F39	GIN	GN-FR			
#0F321F	GTM	GT-CM			
#1B94F8	GTM	GT-SA			
#F99737	GTM	GT-GU			
#0D0DA0	GTM	GT-JA			
#D7F199	GTM	GT-PR			
#476286	GTM	GT-SO			
#4DDF28	GTM	GT-QZ			
#803AC1	GTM	GT-BV			
#FA2B5A	GTM	GT-TO			
#868A83	GHA	GH-AH			
#ADC0CF	GHA	GH-EP			
#AAED9E	DEU	DE-HE			
#2ECFC7	DEU	DE-TH			
#BAED79	DEU	DE-ST			
#353A48	DEU	DE-BE			
#5B6835	GAB	GA-3			
#124224	EST	EE-70			
#884A19	EST	EE-51			
#EDAA10	ERI	ER-AN			
#923F5D	SLV	SV-CU			
#8DBEB9	SLV	SV-SS			
#5E4AEB	EGY	EG-C			
#251829	EGY	EG-GZ			
#3132D0	EGY	EG-MN			
#2025B7	EGY	EG-FYM			
#A1392B	EGY	EG-BNS			
#C0CEC7	EGY	EG-MNF			
#B2F3F5	EGY	EG-KB			
#A530AD	EGY	EG-GH			
#15EA22	EGY	EG-SHG			
#124FBE	EGY	EG-KN			
#78B2D4	EGY	EG-AST			
#B4F318	ECU	EC-A			
#15CF43	ECU	EC-F			
#9F32B2	ECU	EC-N			
#C91030	ECU	EC-T			
#1B0AAD	ECU	EC-H			
#E88C39	ECU	EC-B			
#9391A9	ECU	EC-I			
#DF95BC	ECU	EC-X			
#F1BAD3	ECU	EC-R			
#993C95	ECU	EC-P			
#804DD0	ECU	EC-SD			
#99B5A2	DOM	DO-28			
#37ADC3	DOM	DO-24			
#7D6382	DOM	DO-31			
#161FB5	DOM	DO-29			
#5B206F	HRV	HR-07			
#436ED5	HRV	HR-21			
#CCE366	HRV	HR-12			
#5DABB3	CRI	CR-SJ			
#5F166B	CRI	CR-C			
#56A0A7	COL	CO-CAQ			
#7FF5D9	COL	CO-HUI			
#F71F4E	COL	CO-GUV			
#87DD8B	COL	CO-CAL			
#8EEB44	COL	CO-CAS			
#5FEEF0	COL	CO-MET			
#F3DC48	COL	CO-CUN			
#A82962	COL	CO-SAN			
#58D6A4	COL	CO-TOL			
#3CB876	COL	CO-QUI			
#81347A	COL	CO-CUN			
#112FC1	COL	CO-RIS			
#2A8B50	CHN	CN-BJ			
#E42DFD	COD	CD-KE			
#13BCF2	COD	CD-MA			
#0F9510	CHN	CN-SC			
#0C9BC9	CHN	CN-CQ			
#63916A	CHN	CN-GZ			
#1AE6EB	CHN	CN-HN			
#260D22	CHN	CN-NX			
#A1C784	CHN	CN-SN			
#CEC8BB	CHN	CN-QH			
#1DAFF2	CHN	CN-SX			
#93A4FA	CHN	CN-JX			
#CA1243	CHN	CN-HA			
#0BF425	CHN	CN-HB			
#45828E	CHN	CN-AH			
#582DF0	TCD	TD-BG			
#6548F9	TCD	TD-TA			
#B12E38	TCD	TD-LO			
#0B3B0C	TCD	TD-GR			
#A57E6E	TCD	TD-BA			
#3DC5D7	CMR	CM-OU			
#7E882A	CMR	CM-CE			
#178EE2	KHM	KH-4			
#238CBA	KHM	KH-6			
#88F596	KHM	KH-5			
#7B51BA	KHM	KH-12			
#AF3012	BRA	BR-GO			
#5DF130	BRA	BR-DF			
#764227	BRA	BR-MG			
#7CEA46	BRA	BR-TO			
#BEBADA	BWA	BW-KW			
#BE4EC1	BWA	BW-GA			
#2A9413	BWA	BW-JW			
#F3A42E	BOL	BO-C			
#53860A	BTN	BT-21			
#9F4055	BTN	BT-24			
#14F7A4	BTN	BT-22			
#7BCD2B	BTN	BT-23			
#92DD6F	BTN	BT-42			
#DEFD5E	BTN	BT-32			
#C0B667	BTN	BT-43			
#1A3494	BLR	BY-MI			
#55C79C	BRB	BB-03			
#C73CF6	BRB	BB-11			
#BD9C12	AZE	AZ-SAT			
#D79576	AZE	AZ-BAR			
#208F64	AZE	AZ-SKR			
#EC6764	AZE	AZ-AGU			
#1633B6	CAF	CF-KB			
#499F85	AZE	AZ-SMI			
#57928E	AZE	AZ-QBA			
#6C616B	AZE	AZ-UCA			
#F50A9E	AZE	AZ-QOB			
#2E9A0D	AZE	AZ-ISM			
#3C72AD	AZE	AZ-YEV			
#4EA92C	AZE	AZ-GA			
#79202B	AZE	AZ-MI			
#A53D8D	AZE	AZ-GOY			
#88F239	AZE	AZ-AGS			
#F04F5B	AZE	AZ-AGC			
#5E54BA	AUS	AU-ACT			
#0C4EA6	AUT	AT-9			
#EF37B0	ARM	AM-KT			
#5A9999	ARM	AM-ER			
#503C78	ARG	AR-S			
#3B90C3	ARG	AR-T			
#787A0D	ARG	AR-G			
#BFB5F0	ARG	AR-D			
#CA4C5B	ARG	AR-L			
#D1F92D	ARG	AR-X			
#B2520F	AGO	AO-BIE			
#FB0CEB	AGO	AO-CNO			
#F238D1	AGO	AO-HUI			
#D8ADA2	AGO	AO-HUA			
#F8E3EB	DZA	DZ-19			
#E419A6	DZA	DZ-34			
#0F0EBE	DZA	DZ-10			
#B03E19	DZA	DZ-09			
#AC73E7	DZA	DZ-38			
#15730B	DZA	DZ-44			
#135ED8	DZA	DZ-48			
#421D56	DZA	DZ-32			
#606495	DZA	DZ-20			
#189276	DZA	DZ-22			
#8F76C6	DZA	DZ-29			
#D83EAD	DZA	DZ-47			
#8DA220	DZA	DZ-03			
#D24979	DZA	DZ-26			
#147F21	DZA	DZ-14			
#4BC3A6	DZA	DZ-28			
#4F9527	DZA	DZ-05			
#376E65	DZA	DZ-40			
#554D52	DZA	DZ-24			
#362A43	DZA	DZ-25			
#65F720	DZA	DZ-43			
#9710CA	DZA	DZ-04			
#1E6999	DZA	DZ-07			
#B245E2	DZA	DZ-17			
#DFC244	ALB	AL-01			
#36316E	AFG	AF-URU			
#71D6E7	AFG	AF-GHA			
#9534EC	AFG	AF-PAR			
#69FC36	AFG	AF-KAB			
#63F094	AFG	AF-LAG			
#A8530B	AFG	AF-LOG			
#70B5CF	AFG	AF-KAP			
#1A5F1F	AFG	AF-WAR			
#DD487A	AFG	AF-BAM			
#B24196	AFG	AF-PAR			
#FD8DE1	AFG	AF-SAR			
#D542EC	AFG	AF-GHO			
#561E3F	AFG	AF-BGL			
#B3FF4F	AFG	AF-SAM			
#62F1A4	AFG	AF-URU			
#159635	GBR	GB-CAY			
#B30F35	GBR	GB-RCT			
#6E31EE	GBR	GB-BGW			
#2DD5C2	UGA	UG-321			
#BDF74E	UGA	UG-307			
#814633	UGA	UG-326			
#7297F8	UGA	UG-312			
#963D9F	UGA	UG-416			
#C3A9D9	UGA	UG-410			
#3F4B80	UGA	UG-304			
#EECD8E	UGA	UG-420			
#D8490E	UGA	UG-203			
#7AB498	UGA	UG-124			
#AFA442	UGA	UG-118			
#685C3E	UGA	UG-122			
#9577A4	UGA	UG-102			
#1856A1	UGA	UG-220			
#B53E3D	UGA	UG-322			
#0CE7EA	UGA	UG-306			
#0D5888	UGA	UG-317			
#A4F873	UGA	UG-330			
#0F8BC8	UGA	UG-323			
#E54A26	UGA	UG-216			
#0D833F	UGA	UG-207			
#3CF5AC	UGA	UG-232			
#F16FE3	UGA	UG-211			
#512A7F	UGA	UG-210			
#20C84F	UGA	UG-410			
#F35523	UGA	UG-116			
#3A5628	UGA	UG-105			
#63461B	GBR	GB-TOF			
#E65B0B	GBR	GB-MTY			
#A44D2F	GBR	GB-NLK			
#B5BB9C	GBR	GB-EDU			
#425ABA	GBR	GB-GLG			
#B429DB	GBR	GB-ERW			
#D0318A	GBR	GB-EAY			
#D88FB0	GBR	GB-SLK			
#DE2636	GBR	GB-MFT			
#65AD9F	GBR	GB-OMH			
#9FC74D	GBR	GB-CKT			
#F3B7FE	GBR	GB-CGV			
#0F9DB0	GBR	GB-BNB			
#841687	GBR	GB-ANT			
#E84588	GBR	GB-LSB			
#F0EAC8	GBR	GB-BLY			
#BED3FD	GBR	GB-BLA			
#C4EA29	GBR	GB-CSR			
#7473AF	GBR	GB-WND			
#CBE1F6	GBR	GB-MRT			
#D95FAB	GBR	GB-WSM			
#DE2D40	GBR	GB-KEC			
#20396C	GBR	GB-HNS			
#6F8D6D	GBR	GB-EAL			
#18B2D8	GBR	GB-HMF			
#2E35BF	GBR	GB-STT			
#94650D	GBR	GB-DAL			
#45A083	GBR	GB-MDB			
#1F34E4	GBR	GB-RIC			
#34289A	GBR	GB-LND			
#D2C9ED	GBR	GB-TWH			
#DEC5FD	GBR	GB-GAT			
#37F6A2	GBR	GB-NET			
#B8388A	GBR	GB-YOR			
#2A3EEE	GBR	GB-SHN			
#32BBBF	GBR	GB-ENF			
#A9DE68	GBR	GB-HRT			
#2694E3	GBR	GB-BNE			
#CD9ED1	GBR	GB-WFT			
#CA18EC	GBR	GB-RDB			
#A580E2	GBR	GB-HAV			
#AF860D	GBR	GB-CAM			
#D3D3A7	GBR	GB-BEX			
#7FF827	GBR	GB-STN			
#DE8A1D	GBR	GB-MIK			
#269E6D	GBR	GB-BKM			
#DC1ADA	GBR	GB-HIL			
#E0DFD7	GBR	GB-BEN			
#13BBE4	GBR	GB-LUT			
#6A486B	GBR	GB-HRW			
#2C61DF	GBR	GB-CBF			
#65A34F	GBR	GB-BDF			
#89A8EB	GBR	GB-RUT			
#769540	GBR	GB-NTT			
#41B9D1	GBR	GB-NTH			
#452F2D	GBR	GB-CMD			
#309A34	GBR	GB-ISL			
#8136EE	GBR	GB-PTE			
#943B76	GBR	GB-LBH			
#E91774	GBR	GB-SWK			
#9D8987	GBR	GB-DNC			
#FC8E73	GBR	GB-CRY			
#736017	GBR	GB-LEW			
#BD2D83	GBR	GB-HRY			
#6344B5	GBR	GB-KTT			
#B815F1	GBR	GB-NWM			
#151681	GBR	GB-GRE			
#725FC8	GBR	GB-HCK			
#BBDBF8	GBR	GB-BDG			
#6CBE19	GBR	GB-LEC			
#94B9FC	GBR	GB-CHE			
#D0A3A3	GBR	GB-DBY			
#E11B81	GBR	GB-ROT			
#3EF91F	GBR	GB-SHF			
#8874A8	GBR	GB-STE			
#35865B	GBR	GB-TFW			
#C213E5	GBR	GB-STS			
#1AFAA1	GBR	GB-BRY			
#807ED5	GBR	GB-WOR			
#F65F24	GBR	GB-WAR			
#AF6158	GBR	GB-OXF			
#9FC1A2	GBR	GB-WGN			
#430F9C	GBR	GB-SKP			
#3A0C5A	GBR	GB-WRT			
#777B4C	GBR	GB-WBK			
#7C7A31	GBR	GB-WOK			
#DD5170	GBR	GB-BRC			
#E7A2C4	GBR	GB-WNM			
#5C23B8	GBR	GB-SLG			
#8D0FCE	GBR	GB-RDG			
#D3C719	GBR	GB-SRY			
#744110	GBR	GB-BBD			
#43CB40	GBR	GB-SWD			
#8CF116	GBR	GB-BAS			
#710B7D	GBR	GB-WIL			
#7CE22D	GBR	GB-CLD			
#8218A1	GBR	GB-KIR			
#F5E52E	GBR	GB-NGM			
#B9D436	GBR	GB-LCE			
#2D761B	GBR	GB-DER			
#97746A	UGA	UG-108			
#E449F9	UGA	UG-117			
#F0CB3F	UGA	UG-311			
#EB592D	UGA	UG-228			
#8ADECD	UGA	UG-325			
#55F2D3	UGA	UG-425			
#F5E57E	UGA	UG-422			
#89663E	UGA	UG-402			
#44DFBF	UGA	UG-225			
#CF6529	UGA	UG-215			
#AC47ED	UGA	UG-201			
#659FAE	UGA	UG-329			
#455A33	UGA	UG-209			
#BCF050	UGA	UG-217			
#138C36	UGA	UG-219			
#CB6D77	UGA	UG-227			
#4EC918	UGA	UG-328			
#4E7445	UGA	UG-208			
#F1ABD2	UGA	UG-231			
#55997D	UGA	UG-224			
#2E5EF7	UGA	UG-222			
#908D2F	TUR	TR-43			
#1E3688	TUR	TR-42			
#FE5BC1	TUR	TR-70			
#EBF2B2	TUR	TR-51			
#DDB260	TUR	TR-38			
#7273EB	TUR	TR-32			
#C00D26	TUR	TR-45			
#C44989	TUR	TR-20			
#741EFB	TUR	TR-15			
#71D052	TUR	TR-68			
#A437D6	TUR	TR-50			
#FA8D9A	TUR	TR-66			
#41B771	TUR	TR-40			
#49670E	TUR	TR-64			
#90D733	TUR	TR-24			
#A580FC	TUR	TR-62			
#ED583C	TUR	TR-03			
#408E23	TUR	TR-71			
#F86A2A	TUR	TR-46			
#375476	TUR	TR-49			
#39C9A7	TUR	TR-25			
#570B13	TUR	TR-44			
#E6EEC8	TUR	TR-23			
#3B7FBF	TUR	TR-13			
#3E8448	TUR	TR-12			
#45D80D	NGA	NG-AB			
#1FE049	NGA	NG-EB			
#95CF25	NGA	NG-AN			
#15F4BA	NGA	NG-ED			
#F2A058	NGA	NG-BA			
#D44A7D	NGA	NG-PL			
#F0B336	NGA	NG-NA			
#8B85FD	NGA	NG-GO			
#7CAAF8	NGA	NG-EN			
#88237E	NGA	NG-KO			
#FF9AD6	NGA	NG-OS			
#74BCD2	NGA	NG-IM			
#B12FC8	TUR	TR-80			
#658EFA	TUR	TR-02			
#D9536F	TUR	TR-21			
#FF2C95	TUR	TR-72			
#75A6DD	TUR	TR-56			
#DF5038	TUR	TR-69			
#A537E3	TUR	TR-29			
#DF7530	TZA	TZ-23			
#CC9D27	TZA	TZ-24			
#5DDCBB	TZA	TZ-04			
#910F3B	TZA	TZ-18			
#837CAF	TZA	TZ-30			
#852A98	TZA	TZ-27			
#1B1CCA	TZA	TZ-22			
#9DCC37	LKA	LK-91			
#991B97	LKA	LK-82			
#BB0CE1	LKA	LK-92			
#982380	LKA	LK-81			
#EB218B	LKA	LK-22			
#E053D7	LKA	LK-72			
#F97854	LKA	LK-61			
#A6C38D	LKA	LK-71			
#409745	LKA	LK-23			
#4C9DB7	LKA	LK-44			
#71DD0A	LKA	LK-21			
#14A9CA	SOM	SO-BY			
#44AE45	RUS	RU-BA			
#56C2B6	RUS	RU-SVE			
#21381E	RUS	RU-KHM			
#693D44	RUS	RU-LIP			
#6188AA	RUS	RU-TAM			
#CAE70E	RUS	RU-TOM			
#26A7D3	RUS	RU-TA			
#B24178	RUS	RU-ULY			
#80608B	RUS	RU-PNZ			
#CEBDB9	RUS	RU-KEM			
#8379E5	RUS	RU-ORL			
#4528E4	RUS	RU-IRK			
#2C1BF5	RUS	RU-KK			
#FBD935	RUS	RU-MO			
#D3DC77	RUS	RU-KLU			
#D7B8C2	RUS	RU-KOS			
#48FBE3	RUS	RU-YAR			
#145055	RUS	RU-VLA			
#B24DC1	RUS	RU-RYA			
#F4E892	RUS	RU-IVA			
#9D5F4C	RUS	RU-NIZ			
#175959	RUS	RU-TUL			
#7BEFB2	KOR	KR-11			
#786820	KOR	KR-30			
#7F6AED	KOR	KR-50			
#7930B7	KOR	KR-43			
#42FCE5	KOR	KR-29			
#F40B72	KOR	KR-27			
#24E718	RUS	RU-CU			
#2446CE	RUS	RU-VLG			
#372DEF	RUS	RU-NGR			
#5BF781	RUS	RU-TVE			
#CD1EA7	RUS	RU-MOW			
#B68E4D	RUS	RU-MOS			
#C3D984	RUS	RU-ME			
#9F6626	RUS	RU-KIR			
#9A8168	RUS	RU-UD			
#EA26FA	RUS	RU-KO			
#37859E	RUS	RU-PER			
#C75ABC	RUS	RU-SAM			
#1B646A	RUS	RU-STA			
#D4B82D	RUS	RU-AD			
#1D71F2	POL	PL-MZ			
#31DB68	POL	PL-LD			
#F1204F	POL	PL-KP			
#B814F5	POL	PL-WP			
#860ED4	POL	PL-SK			
#86DE41	PHL	PH-MNL			
#2DC5E4	PHL	PH-MNL			
#4B9971	PHL	PH-MNL			
#F1F043	PHL	PH-MNL			
#9F3420	PHL	PH-MNL			
#126F63	PHL	PH-NUE			
#E1F660	PHL	PH-LAG			
#177F0D	PHL	PH-RIZ			
#EF75D4	PHL	PH-MNL			
#54E1C7	PHL	PH-MNL			
#89E2D3	PHL	PH-MNL			
#B01F92	PHL	PH-QUI			
#33E298	PHL	PH-ISA			
#1E48AC	PHL	PH-NUV			
#66D1FE	PHL	PH-BEN			
#E5D1F4	PHL	PH-IFU			
#0CAB75	PHL	PH-MOU			
#98919D	PHL	PH-TAR			
#9FD486	PHL	PH-APA			
#899CD5	PHL	PH-KAL			
#800D1D	PHL	PH-ABR			
#75B64B	OMN	OM-DA			
#D5A5EA	NGA	NG-EK			
#1943A0	NGA	NG-KD			
#96F00F	NGA	NG-KN			
#46B00A	NGA	NG-FC			
#D95F9A	PRK	KP-01			
#EBE540	NAM	NA-KH			
#BAA04D	NAM	NA-ON			
#A2A8C3	NAM	NA-OT			
#F7CA87	MNG	MN-037			
#1183BD	MNG	MN-047			
#714AAE	MNG	MN-073			
#A50DE0	MNG	MN-035			
#CF92F0	MNG	MN-059			
#EC814E	MNG	MN-055			
#0E4C0D	MNG	MN-064			
#104F4A	MEX	MX-MEX			
#EA6A73	MEX	MX-PUE			
#C4BE70	MEX	MX-MOR			
#D140EC	MEX	MX-QUE			
#60682B	MEX	MX-HID			
#CB7FE3	MEX	MX-GUA			
#44F866	MEX	MX-SLP			
#AA1B5A	MEX	MX-ZAC			
#F15EAC	MEX	MX-AGU			
#EC9321	MEX	MX-DUR			
#C225AD	MNG	MN-1			
#4A2381	MEX	MX-TLA			
#475E9A	MEX	MX-DIF			
#E3F0BB	MRT	MR-09			
#30CBBE	MKD	MK-30			
#5F554D	MKD	MK-08			
#9423EA	MKD	MK-52			
#9470C0	MKD	MK-57			
#2A3149	MKD	MK-70			
#5B3A40	MKD	MK-38			
#B0FA13	MKD	MK-84			
#11A095	MKD	MK-09			
#6CE95D	MKD	MK-79			
#BD57AA	MKD	MK-77			
#1636A2	MKD	MK-31			
#915226	MKD	MK-27			
#4859F9	MKD	MK-45			
#201DE0	MKD	MK-53			
#69BC76	MKD	MK-80			
#96C2C5	MKD	MK-67			
#6937FE	MKD	MK-54			
#D3454B	MKD	MK-28			
#AF42E9	MKD	MK-17			
#C62DAA	MKD	MK-46			
#A57798	MKD	MK-25			
#D4E085	MKD	MK-01			
#71E7E3	MKD	MK-74			
#F96BDE	MKD	MK-39			
#4D2895	MKD	MK-63			
#AD9CDF	MKD	MK-81			
#E2EFAF	MKD	MK-02			
#8F18C9	MKD	MK-32			
#FC616F	MKD	MK-40			
#D377DE	MKD	MK-61			
#CACDE7	MKD	MK-15			
#18B3F7	MKD	MK-85			
#DF3985	MKD	MK-49			
#224CD1	MKD	MK-69			
#5467DE	MKD	MK-20			
#4AAED4	MKD	MK-43			
#3EC63A	MKD	MK-34			
#CBF86F	MKD	MK-37			
#F82AA4	MKD	MK-83			
#6FD84D	MKD	MK-42			
#D3BEED	MKD	MK-33			
#FB9DB6	MKD	MK-13			
#6F9922	MKD	MK-24			
#C8441C	MKD	MK-14			
#C96A33	MKD	MK-07			
#126C63	MKD	MK-64			
#C70F27	MKD	MK-11			
#B44D95	MKD	MK-41			
#F35DD8	LBY	LY-JI			
#C6E241	LBY	LY-MZ			
#FE8A64	LBY	LY-JU			
#A21C63	LBY	LY-SB			
#55862A	LBY	LY-WD			
#833AF9	KAZ	KZ-AKM			
#72A24F	KAZ	KZ-KAR			
#5F7F6F	IRQ	IQ-BG			
#63730B	IRQ	IQ-BB			
#57C2C1	IRQ	IQ-QA			
#B5950D	IRQ	IQ-DQ			
#BF99A1	IRQ	IQ-KA			
#823A2A	IRN	IR-22			
#B7EEE8	IRN	IR-04			
#FB23C9	IRN	IR-08			
#27FA20	IRN	IR-18			
#8C3687	IRN	IR-14			
#F56723	IRN	IR-15			
#C1B279	IRN	IR-24			
#37130C	IRN	IR-20			
#57FD90	IRN	IR-25			
#20117E	IRN	IR-26			
#877222	IRN	IR-07			
#5CC4A7	IRN	IR-07			
#8E4594	IND	IN-CT			
#775646	IND	IN-HR			
#117DC7	IND	IN-TG			
#742BB9	HUN	HU-JN			
#7A8FBD	HUN	HU-FE			
#B4EF23	HUN	HU-VE			
#B57D77	HUN	HU-TO			
#5FBE80	HUN	HU-SK			
#61369C	HUN	HU-BU			
#C314BC	HUN	HU-ED			
#665BEB	HUN	HU-HE			
#E55BFF	HUN	HU-EG			
#76EB9F	HUN	HU-MI			
#BA3F37	HUN	HU-HV			
#263E26	HUN	HU-DU			
#E0EAB8	HUN	HU-KM			
#59EB69	HUN	HU-TB			
#5A34EF	GEO	GE-TB			
#960D36	GEO	GE-IM			
#3552C6	FIN	FI-15			
#7D0F47	FIN	FI-04			
#AEAF7E	FIN	FI-08			
#F0E01F	FIN	FI-03			
#B5210E	FIN	FI-11			
#8D6CEE	FIN	FI-06			
#9C7D18	FIN	FI-16			
#B9E447	ETH	ET-DD			
#15EBC2	ETH	ET-AA			
#61FCD1	ETH	ET-HA			
#A438AD	BDI	BI-GI			
#321E4A	BDI	BI-MU			
#70257C	BDI	BI-MW			
#5B39F1	BDI	BI-KR			
#DE0D74	BFA	BF-BAL			
#FA51E6	BFA	BF-SNG			
#A9244D	BFA	BF-TUI			
#7DDC65	BFA	BF-BGR			
#D55293	BFA	BF-MOU			
#2FA295	BFA	BF-KOT			
#90E82B	BFA	BF-GAN			
#D32AA0	BFA	BF-ZOU			
#748348	BFA	BF-ZIR			
#AD3BE7	BFA	BF-BLK			
#A64116	BFA	BF-KAD			
#F9D437	BFA	BF-OUB			
#71DBFE	BFA	BF-GOU			
#FA796D	BFA	BF-GNA			
#141F3B	BFA	BF-BAZ			
#33FDE5	BFA	BF-KOW			
#681E6B	BFA	BF-NAY			
#39F2B1	BFA	BF-PAS			
#F7BBDD	BFA	BF-ZON			
#26AEE1	BFA	BF-NAM			
#9521FA	BFA	BF-SMT			
#782094	BFA	BF-BAM			
#26CED7	MMR	MM-03			
#E1711E	MMR	MM-04			
#9B7AC2	BGR	BG-16			
#9AE0A5	BGR	BG-24			
#6C90A2	BGR	BG-20			
#522E8A	BGR	BG-27			
#3E27E3	BGR	BG-17			
#401279	BGR	BG-25			
#F4C371	BGR	BG-07			
#DA601A	BGR	BG-13			
#8CFF70	BGR	BG-11			
#A8EE63	BGR	BG-22			
#9B58B4	RWA	RW-01			
#2CBB5A	YEM	YE-SA			
#5A2444	USA	US-WI			
#3B417F	USA	US-IL			
#C357F1	USA	US-KY			
#80ACFE	USA	US-AR			
#4570A5	USA	US-TN			
#4FD1EB	USA	US-WV			
#38719F	USA	US-IN			
#D712B1	CZE	CZ-VY			
#3DCBFD	CZE	CZ-ST			
#8B423D	CZE	CZ-PR			
#501A61	BLR	BY-HM			
#C121B8	UKR	UA-30			
#25D55C	UZB	UZ-TK			
#7F0CDA	KAZ	KZ-ALA			
#BECCD7	KAZ	KZ-AST			
#E9F8B3	AZE	AZ-XA			
#17A2D0	SYR	SY-DI			
#9C3E29	ROU	RO-B			
#2B266A	LVA	LV-JEL			
#FA140D	LVA	LV-DGV			
#5128A9	LVA	LV-REZ			
#FCC555	NER	NE-8			
#2EE9B3	MLI	ML-BKO			
#3CA552	HUN	HU-GY			
#BF9374	HUN	HU-SH			
#C5BDD5	HUN	HU-ZE			
#20D5F3	HUN	HU-NK			
#AF694D	HUN	HU-VM			
#ACAC8E	HUN	HU-KV			
#6236AC	HUN	HU-PS			
#F5DDB9	HUN	HU-SS			
#9D0C17	HUN	HU-SF			
#7AD2BF	HUN	HU-BC			
#560C52	HUN	HU-DE			
#3849AD	HUN	HU-NY			
#4036FD	CPV	CV-SS			
#BF196B	CPV	CV-SO			
#8943B3	AIA	AI-X03~			
#FD3E55	AIA	AI-X12~			
#4B1B8C	AZE	AZ-YEV			
#E87EFE	BMU	BM-SG			
#208BAE	HKG	HK-X08~			
#4D28D4	MUS	MU-MO			
#9DA148	MUS	MU-PW			
#8C7B21	MUS	MU-BR			
#CEAB54	MUS	MU-PL			
#2752A5	MUS	MU-QB			
#308B33	MUS	MU-VP			
#3FA384	MUS	MU-CU			
#F55D62	SYC	SC-17			
#AEBF9A	SYC	SC-22			
#45BF37	SYC	SC-24			
#EC0FFB	ITA	IT-EN			
#2435AF	ITA	IT-BN			
#582BF9	ITA	IT-AT			
#EF9450	ITA	IT-BG			
#865AC6	ITA	IT-BS			
#4A8C46	ITA	IT-CR			
#6B9342	ITA	IT-MN			
#462B7E	ITA	IT-MI			
#E412E0	ITA	IT-LC			
#18F79A	ITA	IT-MB			
#F07DA7	ITA	IT-LO			
#F0F28F	ITA	IT-SI			
#232E23	ITA	IT-AR			
#C2E533	ITA	IT-FI			
#34462E	ITA	IT-VC			
#39B1A9	ITA	IT-PV			
#8EFABD	ITA	IT-RI			
#E8EEC1	ITA	IT-NO			
#1AD9B5	ITA	IT-AL			
#3ADE97	ITA	IT-TN			
#1D412E	ITA	IT-VI			
#69FB8C	ITA	IT-VR			
#DA7023	ITA	IT-TV			
#97E446	ITA	IT-PC			
#CC62FC	ITA	IT-PR			
#FA1E5B	ITA	IT-RE			
#7DA918	ITA	IT-MO			
#99D01B	ITA	IT-BO			
#7E8D7E	ITA	IT-PT			
#ABE6EB	ITA	IT-TR			
#439846	ITA	IT-PG			
#FCB86E	ITA	IT-FR			
#1556DC	ITA	IT-AV			
#9728F7	ITA	IT-AQ			
#5B4749	ITA	IT-PN			
#7D99DC	ITA	IT-IS			
#29F6D5	ITA	IT-BI			
#810B77	ITA	IT-PO			
#574D3A	FRA	FR-32			
#B954B3	FRA	FR-87			
#BA67DF	FRA	FR-19			
#218627	FRA	FR-82			
#7B2E1E	FRA	FR-81			
#8827A4	FRA	FR-38			
#33E2F5	FRA	FR-26			
#27B0B6	FRA	FR-12			
#56DBE3	FRA	FR-46			
#7CB763	FRA	FR-37			
#1A1813	FRA	FR-36			
#A7CAE3	FRA	FR-41			
#24C540	FRA	FR-23			
#B96A16	FRA	FR-53			
#72975F	FRA	FR-72			
#55BD2B	FRA	FR-84			
#998F29	FRA	FR-52			
#D12491	FRA	FR-51			
#6850C1	FRA	FR-24			
#C93EBB	FRA	FR-69			
#29CE73	FRA	FR-88			
#B148A0	FRA	FR-07			
#35A73E	FRA	FR-42			
#FFB52C	FRA	FR-63			
#937A2F	FRA	FR-03			
#AEE976	FRA	FR-45			
#881A69	FRA	FR-49			
#5FC0C2	FRA	FR-10			
#5B2CC5	FRA	FR-75			
#36F441	FRA	FR-92			
#4DA7E4	FRA	FR-93			
#58CDC1	FRA	FR-95			
#6756AE	FRA	FR-78			
#23520F	FRA	FR-16			
#E2FECC	FRA	FR-18			
#1DAEBA	FRA	FR-28			
#C2DD5B	FRA	FR-43			
#224174	FRA	FR-15			
#AE6987	FRA	FR-47			
#6DA7FD	FRA	FR-48			
#7078D2	FRA	FR-58			
#458E39	FRA	FR-21			
#8D1049	FRA	FR-60			
#D91BDE	FRA	FR-61			
#944073	FRA	FR-70			
#C5389D	FRA	FR-71			
#3DF7D2	FRA	FR-79			
#A317C1	FRA	FR-86			
#652226	FRA	FR-89			
#24EE8A	FRA	FR-91			
#D3ED73	FRA	FR-77			
#E732C6	FRA	FR-94			
#210FCD	TJK	TJ-DU			
#61A8AC	EGY	EG-LX			
#DE869D	BWA	BW-FR			
#3AC177	BWA	BW-LO			
#21BE55	BWA	BW-SP			
#9D8A34	BWA	BW-ST			
#2C8588	PHL	PH-CAS			
#AF78DD	PHL	PH-PAM			
#1F9EAB	PHL	PH-BEN			
#C6A374	PHL	PH-MNL			
#67173D	PHL	PH-MNL			
#25BFB9	PHL	PH-MNL			
#B82E14	PHL	PH-MNL			
#A4BC21	AZE	AZ-NA			
#D77D98	AZE	AZ-SA			
#B38F95	GBR	GB-LDS			
#A0D249	GBR	GB-BRD			
#98C2AE	GBR	GB-WKF			
#D31447	GBR	GB-BNS			
#768938	GBR	GB-SLF			
#A0CCAF	GBR	GB-BOL			
#A3BE7A	GBR	GB-TRF			
#21C28F	GBR	GB-MAN			
#2672CD	GBR	GB-OLD			
#AD9A74	GBR	GB-RCH			
#1E3CBF	GBR	GB-TAM			
#BA2113	GBR	GB-BUR			
#872491	GBR	GB-SOL			
#ABCA6C	GBR	GB-COV			
#CF6D17	GBR	GB-BIR			
#432E7B	GBR	GB-SAW			
#48FEFE	GBR	GB-DUD			
#5E4824	GBR	GB-WLL			
#550FA3	GBR	GB-WLV			
#E1CBEC	LVA	LV-028			
#6E9270	LVA	LV-037			
#408AE6	LVA	LV-011			
#FEE426	LVA	LV-VMR			
#418B2B	LVA	LV-022			
#708B6E	LVA	LV-055			
#CCCEBA	LVA	LV-JKB			
#9368ED	ESP	ES-P			
#296332	ESP	ES-CR			
#CD717C	ESP	ES-CO			
#216755	ESP	ES-GU			
#B0A549	ESP	ES-J			
#420ED9	ESP	ES-M			
#961F21	ESP	ES-SG			
#4B2823	ESP	ES-VA			
#DA206C	MDG	MG-F			
#49F4D9	MDG	MG-F			
#373F9B	MDG	MG-T			
#97F94A	KOS	XK-X25~			
#A2B1B7	KOS	XK-X26~			
#37E8C9	KOS	XK-X15~			
#5FCBCA	KOS	XK-X16~			
#6AE082	KOS	XK-X09~			
#44E2C4	KOS	XK-X13~			
#BB2A5C	KOS	XK-X23~			
#3D22F4	KOS	XK-X28~			
#8B7A68	MLT	MT-45			
#D16262	MLT	MT-10			
#F2C0B1	MLT	MT-62			
#86DAE5	MLT	MT-32			
#516DB8	MLT	MT-24			
#C9BE7F	MLT	MT-01			
#B06B27	MLT	MT-35			
#AE762B	MLT	MT-29			
#8C8D33	MLT	MT-66			
#A0BB85	MLT	MT-43			
#959619	MLT	MT-57			
#9FE38E	MLT	MT-15			
#43F40F	MLT	MT-49			
#C42C53	MLT	MT-19			
#F44F32	MLT	MT-04			
#D57D8C	MLT	MT-02			
#D4493E	MLT	MT-54			
#4C1E98	MLT	MT-18			
#4DF163	MLT	MT-26			
#5E138A	MLT	MT-25			
#1FA2F7	MLT	MT-33			
#6F1F7C	MLT	MT-23			
#A80CDB	MLT	MT-47			
#5AF749	MLT	MT-17			
#F03F2A	MLT	MT-67			
#5C0FFB	MLT	MT-08			
#5F2927	MLT	MT-59			
#E5648F	MLT	MT-53			
#7727A4	MLT	MT-11			
#D195F5	MLT	MT-39			
#B9A53B	MLT	MT-12			
#9FFF78	MLT	MT-09			
#DCD9ED	MLT	MT-58			
#826762	MLT	MT-20			
#914926	MLT	MT-06			
#F8B68C	MLT	MT-41			
#726262	MLT	MT-34			
#BE276C	MLT	MT-03			
#E757DF	LIE	LI-09			
#797E0D	SMR	SM-09			
#5FE38F	AND	AD-05			
#42253C	NRU	NR-03			
					